brand, product_name, shipping
CyberpowerPC,CyberpowerPC Gaming Desktop Gamer Xtreme C366 Intel Core i3 8th Gen 8100 (3.60 GHz) 8 GB DDR4 1 TB HDD 16 GB Optane Memory NVIDIA GeForce GTX 1060 Windows 10 Home 64-Bit,$9.99 Shipping
iBUYPOWER,iBUYPOWER Gaming Desktop View2187Ti Intel Core i7 8th Gen 8700 (3.20 GHz) 16 GB DDR4 2 TB HDD 240 GB SSD NVIDIA GeForce GTX 1070 Ti Windows 10 Home 64-Bit,Free Shipping
Acer America,Acer Desktop Computer Nitro 50 N50-600-UR11 Intel Core i5 8th Gen 8400 (2.80 GHz) 8 GB DDR4 1 TB HDD NVIDIA GeForce GTX 1050 Ti Windows 10 Home 64-Bit,$9.99 Shipping
iBUYPOWER,iBUYPOWER Desktop Computer N27WRX58OP1 Intel Core i7+ 8th Gen 8700 (3.20 GHz) 8 GB DDR4 2 TB HDD 16 GB Optane Memory AMD Radeon RX 580 Windows 10 Home 64-Bit,Free Shipping
CyberpowerPC,CyberpowerPC Desktop Computer Gamer Master 2021 Ryzen 7 1st Gen 1700X (3.40 GHz) 8 GB DDR4 1 TB HDD NVIDIA GeForce GTX 1060 Windows 10 Home 64-Bit,$9.99 Shipping
ABS,ABS Battlebox Essential Bearcat Barrage NVIDIA GeForce GTX 1070 Ti Intel i7-8700K (3.70 GHz) 16 GB DDR4 240 GB SSD 1 TB HDD Windows 10 Home 64-Bit ALI177,Free Shipping
ABS,ABS Battlebox Essential Carbide NVIDIA GeForce GTX 1060 6 GB Intel i7-8700K (3.70 GHz) Liquid Cooling (120 mm) 16 GB DDR4 256 GB NVMe SSD 1 TB HDD Windows 10 Home 64-Bit ALI184,Free Shipping
MSI,MSI Desktop Computer Infinite X 8RD-040US Intel Core i7 8th Gen 8700 (3.20 GHz) 16 GB DDR4 2 TB HDD 256 GB M.2 SSD NVIDIA GeForce GTX 1070 Windows 10 Home 64-Bit,Free Shipping
ABS,ABS Battlebox Ultimate TRipper NVIDIA GeForce GTX 1080 Ti 11 GB AMD RYZEN Threadripper 1950X (3.40 GHz) Liquid Cooling (240 mm) 32 GB DDR4 512 GB NVMe M.2 SSD 2 TB HDD Windows 10 Home 64-Bit ALA074,$9.99 Shipping
Acer America,Acer Gaming Desktop Aspire GX-785-UR1D Intel Core i5 7th Gen 7400 (3.00 GHz) 8 GB DDR4 1 TB HDD AMD Radeon RX 580 Windows 10 Home 64-Bit,$9.99 Shipping
Acer America,Acer Gaming Desktop Aspire GX GX-785-BK01 Intel Core i5 7th Gen 7400 (3.00 GHz) 8 GB DDR4 2 TB HDD AMD Radeon RX 480 Windows 10 Home 64-Bit,$9.99 Shipping
Acer America,Acer Desktop Computer Aspire GX-281-UR16 Ryzen 5 1st Gen 1400 (3.20 GHz) 8 GB DDR4 1 TB HDD 256 GB SSD NVIDIA GeForce GTX 1050 Ti Windows 10 Home 64-Bit,$9.99 Shipping
ABS,ABS Versa Intel Core i3-8100 (3.60 GHz) 4-Core 8 GB DDR4 1 TB HDD NVIDIA GeForce GTX 1050 2 GB Windows 10 Home 64-Bit Desktop PC ALI185,$9.99 Shipping
ABS,ABS Prime-7700 NVIDIA GeForce GTX 1080 Intel i7-7700 (3.60 GHz) 16 GB DDR4 250 GB SSD 1 TB HDD Windows 10 Home 64-Bit ALI149,$9.99 Shipping
MSI,MSI Desktop Computer Trident 3 8RC-005US Intel Core i5 8th Gen 8400 (2.80 GHz) 8 GB DDR4 1 TB HDD NVIDIA GeForce GTX 1060 Windows 10 Home 64-Bit,$9.99 Shipping
ABS,ABS Battlebox Essential Eclipse NVIDIA GeForce GTX 1070 8 GB AMD Ryzen 7 2700 (3.20 GHz) 8 GB DDR4 120 GB SSD 1 TB HDD Windows 10 Home 64-Bit Gaming PC ALA082,$9.99 Shipping
Corsair,CORSAIR ONE PRO Compact Gaming PC CS-9000011-NA Intel Core i7 7th Gen 7700K (4.20 GHz) 16 GB DDR4 2 TB HDD 480 GB M.2 SSD NVIDIA GeForce GTX 1080 Windows 10 Home 64-Bit,Free Shipping
CyberpowerPC,CyberpowerPC Desktop Computer Gamer Master 2273 Ryzen 7 2nd Gen 2700X (3.70 GHz) 8 GB DDR4 2 TB HDD 120 GB SSD NVIDIA GeForce GTX 1070 Ti Windows 10 Home 64-Bit,Free Shipping
CyberpowerPC,CyberpowerPC Gaming Desktop Gamer Master 2272 Ryzen 7 2nd Gen 2700X (3.70 GHz) 8 GB DDR4 1 TB HDD NVIDIA GeForce GTX 1060 Windows 10 Home 64-Bit,Free Shipping
ASUS,ASUS Desktop Computer G Series GL12CM-DS761 Intel Core i7 8th Gen 8700K (3.70 GHz) 8 GB DDR4 1 TB HDD 256 GB SSD NVIDIA GeForce GTX 1060 Windows 10 Home 64-Bit,$9.99 Shipping
HP,HP Desktop Computer EliteDesk 800 G2 (W8R60US#ABA) Intel Core i5 6th Gen 6600 (3.30 GHz) 16 GB DDR4 128 GB SSD AMD Radeon R9 350 Windows 7 Professional 64-Bit (Downgrade From Windows 10 Pro),Free Shipping
Lenovo,Lenovo Desktop Computer Legion Y720T-34ASU 90H90001US Ryzen 5 1st Gen 1400 (3.20 GHz) 8 GB DDR4 1 TB HDD AMD Radeon RX 570 Windows 10 Home 64-Bit,$9.99 Shipping
CyberpowerPC,CyberpowerPC Desktop Computer Gamer Master 2271 Ryzen 7 2nd Gen 2700X (3.70 GHz) 8 GB DDR4 2 TB HDD AMD Radeon RX 580 Windows 10 Home 64-Bit,$9.99 Shipping
Lenovo,Lenovo Desktop Computer IdeaCentre 720-18ASU (90H1002QUS) Ryzen 3 1st Gen 1200 (3.10 GHz) 8 GB DDR4 1 TB HDD AMD Radeon RX 550 Windows 10 Home 64-Bit,Free Shipping
Corsair,Corsair ONE PRO Compact Gaming PC CS-9000017-NA Intel Core i7 8th Gen 8700K (3.70 GHz) 16 GB DDR4 2 TB HDD 480 GB M.2 SSD NVIDIA GeForce GTX 1080 Windows 10 Home 64-Bit,$9.99 Shipping
iBUYPOWER,iBUYPOWER Battlebox Essential Desktop Computer NE8440Ki Intel Core i7 8th Gen 8700K (3.70 GHz) 16 GB DDR4 1 TB HDD 240 GB SSD NVIDIA GeForce GTX 1060 Windows 10 Home 64-Bit,$7.99 Shipping
iBUYPOWER,iBUYPOWER  Desktop PC Chimera NE003i Intel Core i7 7th Gen 7700K (4.20 GHz) 16 GB DDR4 2 TB HDD 240 GB SSD NVIDIA GeForce GTX 1080 Windows 10 Home 64-Bit,$9.99 Shipping
ASUS,ASUS Gaming Desktop GD30CI-DB71-GTX1080TI Intel Core i7 7th Gen 7700 (3.60 GHz) 16 GB DDR4 1 TB HDD 256 GB SSD NVIDIA GeForce GTX 1080 Ti Windows 10 Home 64-Bit,Free Shipping
Acer America,Acer Desktop Computer Predator Orion 9000 PO9-900-I9KHCFF1080Ti2 Intel Core i9 X-series 7980XE (2.60 GHz) 128 GB DDR4 2 TB HDD 512 GB PCIe NVMe SSD NVIDIA GeForce GTX 1080 Ti SLI Windows 10 Home 64-Bi,Free Shipping
Lenovo,Lenovo Desktop PC IdeaCentre 720-18ASU 90H10005US Ryzen 5 1st Gen 1400 (3.20 GHz) 8 GB DDR4 1 TB HDD AMD Radeon RX 560 Windows 10 Home 64-Bit,$9.99 Shipping
ABS,ABS Master-Pro NVIDIA GeForce GTX 1050 Ti 4 GB Ryzen 5 2400G (3.60 GHz) 16 GB DDR4 120 GB SSD 1 TB HDD Windows 10 Home 64-Bit ALA078,$9.99 Shipping
ABS,ABS Deskmini NVIDIA GeForce GTX 1060 6 GB Intel Core i7-7700 (3.60 GHz) 8 GB DDR4 1 TB SSHD Windows 10 Home 64-Bit ALI196,Free Shipping
Lenovo,Lenovo Desktop Computer Legion Y720T-34ASU 90H90002US Ryzen 7 1st Gen 1800X (3.60 GHz) 16 GB DDR4 1 TB HDD 256 GB SSD AMD Radeon RX 570 Windows 10 Home 64-Bit,Free Shipping
ZOTAC,ZOTAC GAMING MEK1 GAMING PC NVIDIA GeForce GTX 1070 Ti Intel Core i7-7700 (3.60 GHz) 16 GB DDR4 240 GB NVMe SSD 1 TB HDD Windows 10 SPECTRA Lighting Ultra-Slim Design Mini ITX Desktop - G1107TK700B-U,$9.99 Shipping
iBUYPOWER,iBUYPOWER Desktop Computer NE8510i Intel Core i7 8th Gen 8700 (3.20 GHz) 8 GB DDR4 1 TB HDD AMD Radeon RX 580 Windows 10 Home 64-Bit,Free Shipping
iBUYPOWER,iBUYPOWER Battlebox Ultimate Desktop Computer NE8410Ki Intel Core i7 8th Gen 8700K (3.70 GHz) 16 GB DDR4 2 TB HDD 240 GB SSD NVIDIA GeForce GTX 1080 Ti Windows 10 Home 64-Bit,$9.99 Shipping
ZOTAC,ZOTAC VR GO VR Ready Backpack Gaming PC Intel 7th Gen Core i7 Quad-core Processor NVIDIA GeForce GTX 1070 8 GB GDDR5 Graphics 16 GB DDR4 240 GB SSD Windows 10 Home Whisper Quiet ZBOX-VR7N71-W2B-U,$9.99 Shipping
MSI,MSI Desktop Computer Trident 3 8RC-003US Intel Core i7 8th Gen 8700 (3.20 GHz) 16 GB DDR4 1 TB HDD 256 GB M.2 SSD NVIDIA GeForce GTX 1060 Windows 10 Home 64-Bit,$9.99 Shipping
CyberpowerPC,CyberpowerPC Desktop Computer Gamer Master 2275 Ryzen 7 2nd Gen 2700X (3.70 GHz) 16 GB DDR4 2 TB HDD 120 GB SSD NVIDIA GeForce GTX 1080 Ti Windows 10 Home 64-Bit,$9.99 Shipping
ASUS,ASUS Gaming Desktop GR8 II-6GT024Z Intel Core i7 7th Gen 7700 (3.60 GHz) 16 GB DDR4 512 GB SSD NVIDIA GeForce GTX 1060 Windows 10 Home 64-Bit,Free Shipping
CybertronPC,CybertronPC Gaming Desktop TGASETGXM7601WR Ryzen 7 1st Gen 1700X (3.40 GHz) 16 GB DDR4 3 TB HDD 256 GB SSD NVIDIA GeForce GTX 1070 Windows 10 Home 64-Bit,$9.99 Shipping
CybertronPC,CybertronPC Gaming Desktop TGASETGXE7800BU Ryzen Threadripper 1920X (3.50 GHz) 32 GB DDR4 3 TB HDD 240 GB SSD NVIDIA GeForce GTX 1080 Ti Windows 10 Home 64-Bit,$9.99 Shipping
iBUYPOWER,iBUYPOWER Battlebox Essential Desktop Computer NE8490Ki Intel Core i7 8th Gen 8700K (3.70 GHz) 8 GB DDR4 1 TB HDD NVIDIA GeForce GTX 1070 Windows 10 Home 64-Bit,$4.99 Shipping
CybertronPC,CLX SET AMD Ryzen 5 1600 3.20GHz 6-Core 16GB DDR4 NVIDIA GTX 1060 6GB 120GB SSD 1TB HDD Win 10 Home 64-bit,$9.99 Shipping
DELL,DELL Gaming Desktop i5680-7806BLU Intel Core i7 8th Gen 8700 (3.20 GHz) 8 GB DDR4 1 TB HDD 128 GB M.2 SATA SSD NVIDIA GeForce GTX 1060 Windows 10 Home 64-Bit,$9.99 Shipping
CybertronPC,CybertronPC Gaming PC Celestrium AMD Ryzen 7 1800X 3.6GHz (8 Cores) 16GB DDR4 3TB HDD & 512GB NVMe PCIe M.2 SSD GTX 1070 8GB GDDR5 MS Windows 10 Home 64-Bit,$15.99 Shipping
ABS,ABS Spec-Omega NVIDIA GeForce RTX 2080 Ti 11 GB Intel i9-7900X (3.30 GHz) 10-Core Liquid Cooling (240 mm) RGB 32 GB DDR4 3000 MHz 500 GB NVMe SSD 2 TB HDD Windows 10 64-Bit Gaming PC ALI233,$9.99 Shipping
ABS,ABS Crystal STRIX NVIDIA GeForce RTX 2080 8 GB Intel i7-8700K (3.70 GHz) Liquid Cooling (240 mm) 16 GB DDR4 3000 MHz 500 GB NVMe SSD 2 TB HDD Windows 10 Home 64-Bit ALI234,$9.99 Shipping
CyberpowerPC,CyberpowerPC Gaming Desktop Gamer Master 2178 Ryzen 7 1st Gen 1700 (3.00 GHz) 8 GB DDR4 1 TB HDD NVIDIA GeForce GTX 1060 Windows 10 Home 64-Bit,Free Shipping
ABS,ABS Focus NVIDIA GeForce GTX 1060 6 GB Intel i7-8700 (3.20 GHz) 6-Core 16 GB DDR4 240 GB SSD 1 TB HDD Windows 10 Home 64-Bit Gaming PC ALI216,Free Shipping
ABS,ABS Battlebox Essential BearCat NVIDIA GeForce GTX 1060 6 GB Intel i5-8600K (3.60 GHz) 16 GB DDR4 240 GB SSD 1 TB HDD Windows 10 Home 64-Bit ALI226,$9.99 Shipping
ABS,ABS Battlebox Ultimate Panzer-G NVIDIA GeForce GTX 1080 Ti 11 GB Intel i7-8700K (3.70 GHz) Liquid Cooling (120 mm) 16 GB DDR4 2666 240 GB SSD 1 TB HDD Windows 10 Home 64-Bit Gaming PC ALI228,$9.99 Shipping
ABS,ABS Battlebox Essential Meteor NVIDIA GeForce GTX 1070 8 GB Intel i7-8700 (3.20 GHz) 6-Core 16 GB DDR4 240 GB SSD 1 TB HDD Windows 10 Home 64-Bit ALI206,$9.99 Shipping
ABS,ABS Fleet NVIDIA GeForce GTX 1060 6 GB Intel i5-8600K (3.60 GHz) 6-Core 16 GB DDR4 240 GB SSD 1 TB HDD Windows 10 Home 64-Bit Gaming PC ALI222,$9.99 Shipping
ABS,ABS TUF NVIDIA GeForce GTX 1060 3 GB Intel i5-8400 (2.80 GHz) 6-Core 8 GB DDR4 120 GB SSD 1 TB HDD Windows 10 Home 64-Bit Gaming PC ALI227,Free Shipping
ABS,ABS Battlebox Ultimate Xtreme NVIDIA GeForce GTX 1080 Ti  Liquid Cooled (240 mm) Intel i9-7920X (2.90 GHz) 64 GB RGB DDR4 3200 500 GB NVMe SSD 3 TB HDD Windows 10 Home 64-Bit ALI209,$9.99 Shipping
HP,HP Gaming Desktop Pavilion 690-0020 Ryzen 5 2nd Gen 2400G (3.60 GHz) 8 GB DDR4 1 TB HDD AMD Radeon RX 580 Windows 10 Home 64-Bit,$9.99 Shipping
Lenovo,Lenovo Gaming Desktop Legion Y520T-25ICZ (90JB003GUS) Intel Core i5 8th Gen 8400 (2.80 GHz) 8 GB DDR4 1 TB HDD 128 GB NVMe SSD NVIDIA GeForce GTX 1060 Windows 10 Home 64-Bit,$9.99 Shipping
MSI,MSI Desktop Computer Trident 3 Arctic 8RD-002US Intel Core i7 8th Gen 8700 (3.20 GHz) 16 GB DDR4 1 TB HDD 256 GB M.2 SSD NVIDIA GeForce GTX 1070 Windows 10 Home 64-Bit,$19.11 Shipping
iBUYPOWER,iBUYPOWER Desktop Computer View21 028a Ryzen 7 1st Gen 1800X (3.60 GHz) 8 GB DDR4 1 TB HDD AMD Radeon RX 580 Windows 10 Home 64-Bit,$9.99 Shipping
ASUS,ROG Strix Gaming Desktop GL12CP| Intel® Core™ i7-8700| NVIDIA GeForce GTX 1050| 8GB 2666MHz DDR4 RAM| 1TB HDD| Windows 10| DVD drive| Black/Grey| GL12CP-DS751,$9.99 Shipping
CyberpowerPC,CyberpowerPC Gaming Desktop Gamer Xtreme C888LQ Intel Core i7+ 8th Gen 8700K (3.70 GHz) 16 GB DDR4 2 TB HDD 240 GB SSD 16 GB Optane Memory NVIDIA GeForce GTX 1080 Ti Windows 10 Home 64-Bit,$9.99 Shipping
DELL,DELL Gaming Desktop i3670-5207BLK Intel Core i5 8th Gen 8400 (2.80 GHz) 8 GB DDR4 1 TB HDD NVIDIA GeForce GTX 1050 Windows 10 Home 64-Bit,$9.99 Shipping
CyberpowerPC,CYBERPOWERPC Gamer Xtreme Liquid Cool GLC2440 Gaming PC (Intel i7-8700K 3.7GHz| 16GB DDR4| NVIDIA GeForce GTX 1050 Ti 4GB| 120GB SSD+2TB HDD| WiFi & Win 10 Home) Black,$27.69 Shipping
iBUYPOWER,iBUYPOWER Desktop Computer N27W8260EX2 FX-6000 Series FX-6300 (3.50 GHz) 8 GB DDR3 1 TB HDD NVIDIA GeForce GTX 1050 Windows 10 Home 64-Bit,$30.61 Shipping
MSI,MSI Desktop Computer Aegis 3 Plus 8RD-224US Intel Core i7 8th Gen 8700 (3.20 GHz) 16 GB DDR4 2 TB HDD 256 GB M.2 SSD NVIDIA GeForce GTX 1070 Windows 10 Home 64-Bit,Free Shipping
iBUYPOWER,iBUYPOWER Desktop Computer AlphaB8140A2 FX-6000 Series FX-6300 (3.50 GHz) 8 GB DDR3 1 TB HDD AMD Radeon RX 550 Windows 10 Home 64-Bit,$30.61 Shipping
CyberpowerPC,CyberpowerPC Gaming Desktop Gamer Xtreme C868 Intel Core i7 8th Gen 8700K (3.70 GHz) 16 GB DDR4 1 TB HDD NVIDIA GeForce GTX 1080 Ti Windows 10 Home 64-Bit,$9.99 Shipping
iBUYPOWER,iBUYPOWER Gaming Desktop SLATE87RX58OPi Intel Core i7 8th Gen 8700 (3.20 GHz) 8 GB DDR4 2 TB HDD 16 GB Optane Memory AMD Radeon RX 580 Windows 10 Home 64-Bit,$9.99 Shipping
MSI,MSI Gaming Desktop Infinite A 8RG-242US Intel Core i7 8th Gen 8700 (3.20 GHz) 16 GB DDR4 2 TB HDD 256 GB PCIe NVMe SSD NVIDIA GeForce GTX 1070 Ti Windows 10 Home 64-Bit,$9.99 Shipping
CyberpowerPC,CyberpowerPC Gaming Desktop Gamer Panzer Limited 833TTLQ Intel Core i7 8th Gen 8086K (4.00 GHz) 32 GB DDR4 3 TB HDD 500 GB NVMe SSD NVIDIA GeForce RTX 2080 Ti Windows 10 Home 64-Bit,$14.99 Shipping
CyberpowerPC,CyberpowerPC Gaming Desktop Gamer Master 271TT Ryzen 7 2nd Gen 2700X (3.70 GHz) 16 GB DDR4 3 TB HDD 120 GB SSD NVIDIA GeForce RTX 2080 Ti Windows 10 Home 64-Bit,$14.99 Shipping
iBUYPOWER,iBUYPOWER  Desktop Computer NE8400Ki Intel Core i7 8th Gen 8700K (3.70 GHz) 16 GB DDR4 3 TB HDD 240 GB SSD NVIDIA GeForce GTX 1080 Windows 10 Home 64-Bit,$9.99 Shipping
MSI,MSI System Trident 3 8RC-007CA 8GB 1TB GTX 1060 Bluetooth Windows 10 Home Black Retail,$15.49 Shipping
MSI,MSI Gaming Desktop Infinite X VR8RD-007US Intel Core i7 8th Gen 8700K (3.70 GHz) 16 GB DDR4 2 TB HDD 256 GB SSD NVIDIA GeForce GTX 1070 Windows 10 Home 64-Bit,$4.99 Shipping
iBUYPOWER,iBUYPOWER Gaming Desktop ELEMENT 036i Intel Core i7 8th Gen 8086K (4.00 GHz) 16 GB DDR4 1 TB HDD 240 GB SSD NVIDIA GeForce GTX 1070 Windows 10 Home 64-Bit,$9.99 Shipping
iBUYPOWER,iBUYPOWER Desktop Computer N27W8270EX2 FX-6000 Series FX-6300 (3.50 GHz) 8 GB DDR3 1 TB HDD NVIDIA GeForce GTX 1050 Ti Windows 10 Home 64-Bit,$9.99 Shipping
iBUYPOWER,iBUYPOWER Desktop Computer NE8500i Intel Core i7 8th Gen 8700 (3.20 GHz) 8 GB DDR4 2 TB HDD NVIDIA GeForce GTX 1060 Windows 10 Home 64-Bit,$7.99 Shipping
Acer America,Acer Desktop Computer Predator G6-720-I7KDCE1080 Intel Core i7 7th Gen 7700K (4.20 GHz) 16 GB DDR4 2 TB HDD 256 GB SSD NVIDIA GeForce GTX 1080 Windows 10 Home 64-Bit,Free Shipping
ASUS,ASUS Desktop Computer GR8 II-T044Z Intel Core i5 7th Gen 7400 (3.00 GHz) 8 GB DDR4 1 TB HDD NVIDIA GeForce GTX 1060 Windows 10 Home 64-Bit,Free Shipping
HP,HP Gaming Desktop Pavilion 790-0010 Intel Core i3 8th Gen 8100 (3.60 GHz) 8 GB DDR4 1 TB HDD NVIDIA GeForce GTX 1050 Windows 10 Home 64-Bit,Free Shipping
Lenovo,Lenovo Desktop Computer 610s-02ISH Intel Core i5 6th Gen 6400T (2.20 GHz) 8 GB DDR4 1 TB HDD NVIDIA GeForce GTX 750 Ti Windows 10 Home,Free Shipping
CyberpowerPC,CyberpowerPC Gaming Desktop Gamer Panzer Limited 886LQ Intel Core i7+ 8th Gen 8086K (4.00 GHz) 8 GB DDR4 1 TB HDD 16 GB Optane Memory NVIDIA GeForce GTX 1060 Windows 10 Home 64-Bit,$9.99 Shipping
CyberpowerPC,CYBERPOWERPC Gamer Xtreme GXi1140 Gaming PC (Intel i7-8700K 3.7GHz| 8GB DDR4| NVIDIA GeForce GTX 1070 8GB| 1TB HDD + 120GB SSD| WiFi & Win 10 Home) White,Free Shipping
Acer America,Acer Desktop Computer Aspire GX-785-UR1C Intel Core i5 7th Gen 7400 (3.00 GHz) 8 GB DDR4 256 GB SSD NVIDIA GeForce GTX 1060 Windows 10 Home 64-Bit,$4.99 Shipping
CyberpowerPC,CyberpowerPC Gaming Desktop Gamer Master 2788T Ryzen 7 2nd Gen 2700X (3.70 GHz) 8 GB DDR4 2 TB HDD 120 GB SSD NVIDIA GeForce RTX 2080 Windows 10 Home 64-Bit,$14.99 Shipping
ABS,ABS Battlebox Ultimate Focus NVIDIA GeForce RTX 2080 Ti 11 GB Intel i7-8700K (3.70 GHz) 6-Core 16 GB DDR4 240 GB SSD 1 TB HDD Windows 10 Home 64-Bit Gaming PC ALI237,$19.11 Shipping
Acer America,Acer Gaming Desktop Predator Orion 5000 PO5-610-UR13 Intel Core i7 8th Gen 8700K (3.70 GHz) 16 GB DDR4 512 GB PCIe NVMe SSD NVIDIA GeForce GTX 1070 Windows 10 Home 64-Bit,$9.99 Shipping
Acer America,Acer Desktop Computer Predator Orion 9000 PO9-600-I7KDCE1080Ti Intel Core i7 8th Gen 8700K (3.70 GHz) 16 GB DDR4 2 TB HDD 256 GB PCIe NVMe SSD NVIDIA GeForce GTX 1080 Ti Windows 10 Home 64-Bit,$9.99 Shipping
ABS,ABS Battlebox Ultimate Panzer-G NVIDIA GeForce RTX 2080 Ti 11 GB Intel i7-8700K (3.70 GHz) Liquid Cooling (120 mm) 16 GB DDR4 2666 240 GB SSD 1 TB HDD Windows 10 Home 64-Bit Gaming PC ALI235,$19.11 Shipping
iBUYPOWER,iBUYPOWER Battlebox Ultimate Desktop Computer NE8530Ki Intel Core i7 8th Gen 8700K (3.70 GHz) 32 GB DDR4 1 TB HDD 240 GB SSD NVIDIA GeForce GTX 1080 Ti Windows 10 Home 64-Bit,$9.99 Shipping
Lenovo,Lenovo Gaming Desktop Legion Y720T-34ASU (90H9001WUS) Ryzen 7 1st Gen 1800X (3.60 GHz) 8 GB DDR4 1 TB HDD 128 GB M.2 NVMe SSD NVIDIA GeForce GTX 1060 Windows 10 Home 64-Bit,$9.99 Shipping
iBUYPOWER,iBUYPOWER Desktop Computer NE6044RAX FX-8000 Series FX-8320 (3.50 GHz) 16 GB DDR3 1 TB HDD 120 GB SSD NVIDIA GeForce GTX 1060 Windows 10 Home 64-Bit,$14.99 Shipping
HP,OMEN X by HP 900-250 Gaming Desktop Computer - Intel Core i9-7920X| 12-core| 2.90 GHz - NVIDIA GeForce GTX 1080 Ti| 11GB GDDR5X dedicated video memory - 32GB DDR4-2400 SDRAM| 2 TB 7200RPM SATA| 512GB,Free Shipping
ASUS,ASUS G11DF Mid-Tower Gaming Desktop PC| AMD Ryzen 7 1700 Processor| GeForce® GTX 1070 8GB| 8GB 2400MHz DDR4 RAM| 256GB M.2 SSD + 1TB 7200RPM HDD storage combo| USB 3.1 Type-C| DVD-RW| 802.11ac| Custom,Free Shipping
Lenovo,Lenovo Desktop Computer Legion Y520T-25IKL (90H7002BUS) Intel Core i5 7th Gen 7400 (3.00 GHz) 8 GB DDR4 1 TB HDD NVIDIA GeForce GTX 1050 Ti Windows 10 Home 64-Bit,Special Shipping
iBUYPOWER,iBUYPOWER Desktop Computer 001iV2 Intel Core i5 8th Gen 8400 (2.80 GHz) 8 GB DDR4 1 TB HDD 120 GB SSD NVIDIA GeForce GTX 1060 Windows 10 Home 64-Bit,$30.61 Shipping
CyberpowerPC,CyberpowerPC Gaming Desktop Gamer Xtreme C868T Intel Core i7 8th Gen 8700K (3.70 GHz) 16 GB DDR4 1 TB HDD 120 GB SSD NVIDIA GeForce RTX 2080 Windows 10 Home 64-Bit,$14.99 Shipping
iBUYPOWER,iBUYPOWER Desktop Computer Slate 018iP Intel Core i7+ 8th Gen 8700K (3.70 GHz) 16 GB DDR4 2 TB HDD 32 GB Optane Memory NVIDIA GeForce GTX 1080 Windows 10 Home 64-Bit,$30.61 Shipping
ASUS,ASUS French Bilingual Desktop PC G20CI-DS72-GTX1070CB Intel Core i7 7th Gen 7700 (3.60 GHz) 16 GB DDR4 512 GB SSD NVIDIA GeForce GTX 1070 Windows 10 Home 64-Bit,$32.39 Shipping
MSI,MSI Gaming Desktop Aegis 3 Plus 8RE-223US Intel Core i7 8th Gen 8700 (3.20 GHz) 16 GB DDR4 2 TB HDD 256 GB M.2 SSD NVIDIA GeForce GTX 1080 Windows 10 Home 64-Bit,Free Shipping
iBUYPOWER,iBUYPOWER Desktop Computer Element003i Intel Core i7 8th Gen 8700K (3.70 GHz) 16 GB DDR4 2 TB HDD 480 GB SSD NVIDIA GeForce GTX 1080 Windows 10 Home 64-Bit,$9.99 Shipping
ABS,ABS NUC 8 VR Intel Core i7-8809G (3.10 GHz) 16 GB DDR4 512 NVMe SSD Radeon RX Vega M 4 GB Windows 10 Home 64-Bit Gaming PC ALI212,$9.99 Shipping
iBUYPOWER,iBUYPOWER Gaming Desktop Slate 030A Ryzen 7 2nd Gen 2700 (3.20 GHz) 8 GB DDR4 1 TB HDD 120 GB SSD NVIDIA GeForce GTX 1060 Windows 10 Home 64-Bit,$26.74 Shipping
iBUYPOWER,iBUYPOWER Desktop Computer NE8470i Intel Core i7 8th Gen 8700 (3.20 GHz) 16 GB DDR4 1 TB HDD 120 GB SSD AMD Radeon RX 580 Windows 10 Home 64-Bit,$7.99 Shipping
Lenovo,Lenovo Desktop Computer IdeaCentre 720-18ICB (90HT0005US) Intel Core i7 8th Gen 8700 (3.20 GHz) 16 GB DDR4 2 TB HDD 16 GB Optane Memory NVIDIA GeForce GTX 1050 Ti Windows 10 Home 64-Bit,$9.99 Shipping
HP,HP Gaming Desktop Pavilion 790-0020 Intel Core i5 8th Gen 8400 (2.80 GHz) 8 GB DDR4 256 GB M.2 PCIe NVMe SSD NVIDIA GeForce GTX 1060 Windows 10 Home 64-Bit,Free Shipping
HP,HP Desktop Computer Omen 880-010 Ryzen 5 1st Gen 1400 (3.20 GHz) 8 GB DDR4 1 TB HDD NVIDIA GeForce GTX 1060 Windows 10 Home,Free Shipping
iBUYPOWER,iBUYPOWER Battlebox Essential Desktop Computer NE8480Ki Intel Core i7 8th Gen 8700K (3.70 GHz) 8 GB DDR4 1 TB HDD NVIDIA GeForce GTX 1060 Windows 10 Home 64-Bit,$16.82 Shipping
CyberpowerPC,CyberPowerPC Gamer Ultra GUA4900INC Computer| AMD FX-4300 3.8 GHz| 8 GB| 1 TB HDD| NVIDIA GeForce GTX 1050 Ti 4 GB| Windows 10 Home,Free Shipping
HP,HP OMEN X Compact Desktop VR Backpack PA1000-010,Free Shipping
Lenovo,Lenovo Desktop PC IdeaCentre Y900 RE (90FK001KUS) Intel Core i7 6th Gen 6700K (4.00 GHz) 16 GB DDR4 256 GB SSD NVIDIA GeForce GTX 1080,Free Shipping
MSI,Infinite X  2TB Intel 256GB,$22.99 Shipping
Lenovo,Lenovo Desktop Computer Y720 Cube-15IKB 90H2005TUS Intel Core i5 7th Gen 7400 (3.00 GHz) 8 GB DDR4 1 TB HDD AMD Radeon RX 570 Windows 10 Home 64-Bit,$19.11 Shipping
iBUYPOWER,iBUYPOWER Desktop Computer NE8460i Intel Core i7 8th Gen 8700 (3.20 GHz) 16 GB DDR4 2 TB HDD 120 GB SSD AMD Radeon RX 580 Windows 10 Home 64-Bit,$9.99 Shipping
HP,HP Gaming Desktop EliteDesk 800 G3 (2DR52UT#ABA) Intel Core i7 7th Gen 7700 (3.60 GHz) 8 GB DDR4 512 GB SSD NVIDIA GeForce GTX 1080 Windows 10 Pro 64-Bit,$4.99 Shipping
CybertronPC,CybertronPC Gaming Desktop Computer Rhodium (Black/Blue) AMD FX-4300 3.80GHz (4 Cores) 8GB DDR3 1TB HDD NVIDIA GeForce GTX 1050 2GB GDDR5 DVD-RW Drive MS Windows 10 Home 64-Bit,Free Shipping
CyberpowerPC,CyberpowerPC Gaming Desktop Gamer Xtreme C858T Intel Core i5 8th Gen 8400 (2.80 GHz) 8 GB DDR4 1 TB HDD 120 GB SSD NVIDIA GeForce RTX 2080 Windows 10 Home 64-Bit,$14.99 Shipping
iBUYPOWER,iBUYPOWER Battlebox Essential Desktop Computer NE8430i Intel Core i7 8th Gen 8700 (3.20 GHz) 16 GB DDR4 2 TB HDD 120 GB SSD NVIDIA GeForce GTX 1070 Windows 10 Home 64-Bit,$9.99 Shipping
CyberpowerPC,CyberpowerPC Gaming Desktop Gamer Panzer Limited 832T8LQ Intel Core i7 8th Gen 8086K (4.00 GHz) 32 GB DDR4 2 TB HDD 500 GB M.2 NVMe SSD NVIDIA GeForce RTX 2080 Windows 10 Home 64-Bit,$14.99 Shipping
iBUYPOWER,iBUYPOWER Gaming Desktop Element 045i Intel Core i7 8th Gen 8700K (3.70 GHz) 32 GB DDR4 1 TB HDD 480 GB SSD NVIDIA GeForce RTX 2080 Ti Windows 10 Home 64-Bit,$9.99 Shipping
MSI,MSI Desktop Computer Vortex G25-023US Intel Core i5 8th Gen 8400 (2.80 GHz) 16 GB DDR4 1 TB HDD 256 GB M.2 SATA SSD NVIDIA GeForce GTX 1060 Windows 10 Pro 64-Bit,Free Shipping
Acer America,Acer Desktop Computer Predator G3-710-UR15 Intel Core i7 7th Gen 7700 (3.60 GHz) 16 GB DDR4 1 TB HDD 512 GB SSD NVIDIA GeForce GTX 1080 Windows 10 Home 64-Bit,Free Shipping
Shuttle Computer,Shuttle XPC Intel Core i7-7700K 4.2GHz - Nvidia GeForce GTX 1060/1070TI/1080 - 2TB 7200RPM + Solid State Drive - DDR4 SDRAM - 500W - Windows 10 Custom Built Mini Gaming Desktop,Free Shipping
CyberpowerPC,CYBERPOWERPC Gamer Master Gaming computer GMA7200CPG - AMD Ryzen 5 2400G| AMD Radeon RX 580| 16 GB| 120 GB SSD + 1 TB HDD| 802.11ac Wi-Fi| RGB Lighting| Windows 10 Home| Black,Free Shipping
iBUYPOWER,iBUYPOWER Gaming Desktop View21 022A Ryzen 5 2600X (3.60 GHz) 16 GB DDR4 2 TB HDD 120 GB SSD AMD Radeon RX 580 Windows 10 Home 64-Bit,$9.99 Shipping
HP,HP Desktop Computer Omen 880-030 Ryzen 7 1st Gen 1700 (3.00 GHz) 16 GB DDR4 1 TB HDD 256 GB SSD NVIDIA GeForce GTX 1070 Windows 10 Home 64-Bit,Free Shipping
CyberpowerPC,CyberpowerPC Desktop Computer GLC5200CPG Intel Core i7 8th Gen 8700K (3.70 GHz) 16 GB DDR4 1 TB HDD 120 GB SSD AMD Radeon RX 580 Windows 10 Home 64-Bit Liquid Cooling,Free Shipping
Lenovo,Lenovo Desktop Computer 710-25ISH Intel Core i7 6th Gen 6700 (3.40 GHz) 8 GB DDR4 1 TB HDD 128 GB SSD NVIDIA GeForce GTX 750 Ti Windows 10 Home,Special Shipping
Acer America,Acer Desktop Computer Aspire GX-785-UR1B Intel Core i5 7th Gen 7400 (3.00 GHz) 8 GB DDR4 1 TB HDD NVIDIA GeForce GTX 1060 Windows 10 Home 64-Bit,Free Shipping
iBUYPOWER,iBUYPOWER Battlebox Ultimate Desktop Computer NE6405EA Ryzen 7 1st Gen 1800X (3.60 GHz) 32 GB DDR4 3 TB HDD 1 TB SSD NVIDIA GeForce GTX 1080 Ti Windows 10 Home 64-Bit,$9.99 Shipping
ZOTAC,Zotac ZBOX E MAGNUS EN51050 Desktop Computer - Intel Core i5 (7th Gen) i5-7500T 2.70 GHz - 8 GB DDR4 SDRAM - 1 TB HDD - 120 GB SSD - Windows 10 Home 64-Bit - Mini PC,Free Shipping
iBUYPOWER,iBUYPOWER Gaming Desktop AlphaBR15X56 Ryzen 5 1500X (3.50 GHz) 8 GB DDR4 1 TB HDD 120 GB SSD AMD Radeon RX 560 Windows 10 Home 64-Bit,Free Shipping
iBUYPOWER,iBUYPOWER Gaming Desktop View21 023A Ryzen 7 2nd Gen 2700 (3.20 GHz) 16 GB DDR4 1 TB HDD 120 GB SSD NVIDIA GeForce GTX 1070 Windows 10 Home 64-Bit,$30.61 Shipping
iBUYPOWER,iBUYPOWER Gaming Desktop Slate 024A Ryzen 7 2nd Gen 2700 (3.20 GHz) 16 GB DDR4 1 TB HDD 240 GB SSD NVIDIA GeForce GTX 1070 Ti Windows 10 Home 64-Bit,$30.61 Shipping
CyberpowerPC,CyberpowerPC Gaming Desktop Gamer Supreme SLC8822OPT Intel Core i7 8th Gen 8700K (3.70 GHz) 32 GB DDR4 3 TB HDD 32 GB Optane Memory NVIDIA GeForce GTX 1080 Windows 10 Home 64-Bit,Free Shipping
ABS,ABS Battlebox Essential Focus NVIDIA GeForce RTX 2080 8 GB Intel i7-8700K (3.70 GHz) 6-Core 16 GB DDR4 240 GB SSD 1 TB HDD Windows 10 Home 64-Bit Gaming PC ALI236,$19.11 Shipping
CyberpowerPC,CyberpowerPC Desktop Computer GMA4800INC Ryzen 5 1600X (3.60 GHz) 16 GB DDR4 1 TB HDD 120 GB SSD NVIDIA GeForce GTX 1070 Windows 10 Home 64-Bit,$23.49 Shipping
CyberpowerPC,CyberpowerPC Desktop Computer GMA5000INC Ryzen 5 1600X (3.60 GHz) 16 GB DDR4 2 TB HDD 240 GB SSD NVIDIA GeForce GTX 1080 Windows 10 Home 64-Bit,$23.49 Shipping
HP,HP Desktop Computer Omen 880-049 Ryzen 7 1800X (3.60 GHz) 16 GB DDR4 1 TB HDD 256 GB SSD NVIDIA GeForce GTX 1070 Windows 10 Home 64-Bit,$18.49 Shipping
SAMSUNG,Samsung Desktop PC ArtPC Pulse DP700C6A-X01US Intel Core i5 6th Gen 6400 (2.70 GHz) 8 GB DDR4 256 GB NVMe SSD AMD Radeon RX 460 Windows 10 Home 64-Bit,Free Shipping
iBUYPOWER,iBUYPOWER Gaming Desktop Element 044i Intel Core i7 8th Gen 8700K (3.70 GHz) 16 GB DDR4 1 TB HDD 240 GB SSD NVIDIA GeForce RTX 2080 Ti Windows 10 Home 64-Bit,$9.99 Shipping
MSI,MSI Gaming Desktop Infinite X 8RG-039US Intel Core i7 8th Gen 8700 (3.20 GHz) 16 GB DDR4 2 TB HDD 256 GB M.2 SSD NVIDIA GeForce GTX 1070 Ti Windows 10 Home 64-Bit,Free Shipping
iBUYPOWER,iBUYPOWER Gaming Desktop Element 025A Ryzen 7 2700X (3.70 GHz) 16 GB DDR4 2 TB HDD 240 GB SSD NVIDIA GeForce GTX 1080 Windows 10 Home 64-Bit,$30.61 Shipping
MSI,MSI Desktop Computer Vortex G25-022US Intel Core i7 8th Gen 8700 (3.20 GHz) 16 GB DDR4 1 TB HDD 256 GB M.2 SATA SSD NVIDIA GeForce GTX 1070 Windows 10 Pro 64-Bit,Free Shipping
CyberpowerPC,CYBERPOWERPC Gamer Xtreme Desktop i5| 8GB| 120GB + 1TB| Windows 10,Free Shipping
HP,HP Desktop Computer Omen 880-040 Ryzen 7 1st Gen 1800X (3.60 GHz) 16 GB DDR4 2 TB HDD 512 GB SSD NVIDIA GeForce GTX 1080 Windows 10 Home 64-Bit,Free Shipping
CyberpowerPC,CyberpowerPC Desktop Computer GLC5202OPT Intel Core i7 8th Gen 8700K (3.70 GHz) 16 GB DDR4 1 TB HDD 16 GB Optane Memory AMD Radeon RX 580 Windows 10 Home 64-Bit Liquid Cooling,Free Shipping
Acer America,Acer Desktop Computer Nitro 50 N50-600-UR14 Intel Core i7+ 8th Gen 8700 (3.20 GHz) 8 GB DDR4 1 TB HDD 16 GB Optane Memory NVIDIA GeForce GTX 1060 Windows 10 Home 64-Bit,Free Shipping
Lenovo,Lenovo Desktop Computer 720-18IKL 90H0000RUS Intel Core i7 7th Gen 7700 (3.60 GHz) 8 GB DDR4 1 TB HDD 16 GB Optane Memory NVIDIA GeForce GTX 1050 Ti Windows 10 Home 64-Bit,Free Shipping
HP,HP Gaming Desktop ENVY 795-0020 Intel Core i7 8th Gen 8700 (3.20 GHz) 12 GB DDR4 1 TB HDD 256 GB SSD AMD Radeon RX 550 Windows 10 Home 64-Bit,Free Shipping
iBUYPOWER,iBUYPOWER Desktop Computer View21 013i Intel Core i7+ 8th Gen 8700 (3.20 GHz) 16 GB DDR4 2 TB HDD 16 GB Optane Memory AMD Radeon RX 580 Windows 10 Home 64-Bit,$30.61 Shipping
ASUS,ASUS Desktop Computer GR8 II-T069Z Intel Core i5 7th Gen 7400 (3.00 GHz) 16 GB DDR4 512 GB SSD NVIDIA GeForce GTX 1060 Windows 10 Home 64-Bit,Free Shipping
MSI,MSI Desktop Computer Infinite X VR8RF-008US Intel Core i7 8th Gen 8700K (3.70 GHz) 16 GB DDR4 2 TB HDD 512 GB SSD NVIDIA GeForce GTX 1080 Ti Windows 10 Home 64-Bit,$9.99 Shipping
iBUYPOWER,iBUYPOWER Gaming Desktop Slate 038i Intel Core i7 8th Gen 8086K (4.00 GHz) 16 GB DDR4 1 TB HDD 240 GB SSD NVIDIA GeForce GTX 1060 Windows 10 Home 64-Bit,$9.99 Shipping
iBUYPOWER,iBUYPOWER Desktop Computer N27B7022GRXV2 FX-6000 Series FX-6300 (3.50 GHz) 16 GB DDR3 2 TB HDD AMD Radeon RX 550 Windows 10 Home 64-Bit,$9.99 Shipping
iBUYPOWER,iBUYPOWER Desktop Computer Element 016iP Intel Core i7+ 8th Gen 8700 (3.20 GHz) 8 GB DDR4 1 TB HDD 16 GB Optane Memory NVIDIA GeForce GTX 1070 Windows 10 Home 64-Bit,$9.99 Shipping
Alienware,Alienware Desktop PC Aurora R5 AUR5-12571SLV| Intel Core i7-6700 3.40 GHz| 16 GB DDR4| 2 TB HDD| 256 GB SSD| DVD+/-RW| NVIDIA GeForce GTX 1070 8 GB VR READY| Windows 10 Home| Epic Silver,Free Shipping
Lenovo,Lenovo Desktop Computer 720-18IKL 90H0001BUS Intel Core i7 7th Gen 7700 (3.60 GHz) 16 GB DDR4 2 TB HDD 16 GB Optane Memory NVIDIA GeForce GTX 1060 Windows 10 Home 64-Bit,$9.99 Shipping
Acer America,Acer Desktop Computer Predator G6-720-I7KDBE1060 Intel Core i7 7th Gen 7700K (4.20 GHz) 16 GB DDR4 1 TB HDD 256 GB SSD NVIDIA GeForce GTX 1060 Windows 10 Home 64-Bit,Free Shipping
HP,HP ENVY 750-411 Desktop (Intel Core i5-6400| 8GB RAM| 1TB HDD| AMD Radeon RX 480 4 GB video card) with Windows 10,Free Shipping
HP,HP Desktop Computer Pavilion 580-130 Ryzen 5 1400 (3.20 GHz) 8 GB DDR4 1 TB HDD AMD Radeon RX 580 Windows 10 Home 64-Bit,Free Shipping
Lenovo,Lenovo Desktop PC H515 (57321121) A4-Series APU A4-5000 (1.50 GHz) 4 GB DDR3 500 GB HDD AMD Radeon HD 8330 Windows 8 64-bit,Free Shipping
NZXT,NZXT MANTA mini ITX Custom Gaming PC Intel Core i5-8400 6-Core 2.8GHz/GTX 1050 TI 4GB/8GB DDR4/2TB 7200RPM + 120GB-SSD/600W/Z370I Windows 10,Free Shipping
Alienware,Alienware Aurora R6 i5-7400 8GB 1TB HDD NVIDIA GeForce GTX 1060 6GB GDDR5 Win 10| Epic Silver,Free Shipping
SuperMicro,SUPERMICRO SYS-5038AD-GP-WI001 Gaming Premier Desktop PC Black,$14.99 Shipping
CybertronPC,CLX SET AMD Ryzen 3 1200 3.10 GHz (4 Cores) 8GB DDR4 120GB SSD 1TB AMD Radeon RX 560 2GB WiFi Windows 10,$17.95 Shipping
CybertronPC,CybertronPC Gaming Desktop PC Rhodium AMD Ryzen 7 1800X 3.6GHz (8 Cores) 32GB DDR4 3TB HDD NVIDIA GeForce GTX 1080Ti 11GB GDDR5 MS Windows 10 Home 64-Bit,Free Shipping
Acer America,Acer Desktop Computer G3-710-AM11 Intel Core i5 7th Gen 7400 (3.00 GHz) 8 GB DDR4 1 TB HDD NVIDIA GeForce GTX 1050 Windows 10 Home 64-Bit,$32.39 Shipping
Lenovo,Lenovo Desktop Computer IdeaCentre Y720 Cube (90H2000BUS) Intel Core i7 7th Gen 7700 (3.60 GHz) 16 GB DDR4 1 TB HDD 128 GB SSD NVIDIA GeForce GTX 1060 Windows 10 Home 64-Bit,Free Shipping
HP,HP OMEN 880-120 Gaming Desktop - Intel Core i7-8700 (8th Gen) Hexa-Core 3.20 GHz - 16 GB DDR4 SDRAM - 1 TB HDD - 256 GB SSD - NVIDIA GeForce GTX 1080 - Windows 10 Home - Black,Free Shipping
iBUYPOWER,iBUYPOWER Gaming Desktop Element 043i Intel Core i7 8th Gen 8700K (3.70 GHz) 16 GB DDR4 2 TB HDD 480 GB SSD NVIDIA GeForce RTX 2080 Windows 10 Home 64-Bit,$9.99 Shipping
HP,HP Gaming Desktop Pavilion 590-p0060 Ryzen 7 1700 (3.00 GHz) 12 GB DDR4 1 TB HDD AMD Radeon RX 550 Windows 10 Home 64-Bit,Free Shipping
HP,HP Gaming Desktop ENVY 795-0050 Intel Core i7 8th Gen 8700 (3.20 GHz) 16 GB DDR4 2 TB HDD 256 GB SSD NVIDIA GeForce GTX 1060 Windows 10 Home 64-Bit,Free Shipping
HP,HP Gaming Desktop Pavilion 690-0029 Ryzen 7 2700 (3.20 GHz) 16 GB DDR4 2 TB HDD 128 GB SSD AMD Radeon RX 580 Windows 10 Home 64-Bit,$13.49 Shipping
DELL,Dell Alienware Aurora R5 AUR5 Flagship Gaming Desktop | Intel Core i7-6700 Quad-Core | 32G RAM | 512 SSD + 2T HDD | VR-ready NVIDIA GeForce GTX 1070 8GB | DVD+/-RW | USB Keyboard &Mouse | Win10 home,Free Shipping
CyberpowerPC,CyberpowerPC Desktop Computer GXI10902OPT Intel Core i5 8th Gen 8600K (3.60 GHz) 8 GB DDR4 2 TB HDD 16 GB Optane Memory NVIDIA GeForce GTX 1060 Windows 10 Home 64-Bit,Free Shipping
MSI,MSI SY Infinite A 8RD-216CA Ci7 2x8GB 2TB+256GB GTX 1070 Blutooth W10H Black,$30.99 Shipping
ASUS,ASUS All-in-One Computer ET2702IGTH-C4 Intel Core i7 4th Gen 4770S (3.10 GHz) 8 GB DDR3 2 TB HDD AMD Radeon HD 8890A Windows 10 Home,Free Shipping
DELL,DELL Desktop Computer XPS 8930 XPS8930-7071BLK Intel Core i7+ 8th Gen 8700 (3.20 GHz) 8 GB DDR4 1 TB HDD 16 GB Optane Memory NVIDIA GeForce GTX 1060 6 GB Windows 10 Home 64-Bit,$9.99 Shipping
CybertronPC,CybertronPC Palladium Gaming Desktop PC Intel Core i7 7th Gen 7700 (3.6 GHz) 8GB DDR4 1TB HDD 240GB SSD NVIDIA GeForce GTX 1060 3GB GDDR5 MS Windows 10 Home (VR Ready),Free Shipping
Lenovo,Lenovo IdeaCentre Y720 Cube-15IKB Desktop Computer Intel Quad Core i5 7th Gen 7400 3.00 GHz 8GB DDR4 1TB HDD Windows 10 Home 64-Bit Model 90H2005TUS,Free Shipping
iBUYPOWER,iBUYPOWER Battlebox Essential Desktop Computer NE8520Ki Intel Core i7 8th Gen 8700K (3.70 GHz) 32 GB DDR4 1 TB HDD 240 GB SSD NVIDIA GeForce GTX 1080 Windows 10 Home 64-Bit,$9.99 Shipping
iBUYPOWER,iBUYPOWER Desktop Computer N27W 017iP Intel Core i7+ 8th Gen 8700 (3.20 GHz) 8 GB DDR4 1 TB HDD 32 GB Optane Memory NVIDIA GeForce GTX 1070 Ti Windows 10 Home 64-Bit,$14.99 Shipping
Acer America,Acer Desktop Computer Aspire GX GX-785-UR17 Intel Core i7 7th Gen 7700 (3.60 GHz) 8 GB DDR4 1 TB HDD AMD Radeon RX 480 Windows 10 Home 64-Bit,Free Shipping
Lenovo,Lenovo Desktop Computer 720-18IKL 90H0000QUS Intel Core i5 7th Gen 7400 (3.00 GHz) 8 GB DDR4 1 TB HDD 16 GB Optane Memory NVIDIA GeForce GTX 1050 Ti Windows 10 Home 64-Bit,$9.99 Shipping
HP,HP Desktop Computer OMEN X 900-110 Intel Core i7 7th Gen 7700K (4.20 GHz) 8 GB DDR4 2 TB HDD 256 GB SSD AMD Radeon RX 480 Windows 10 Home 64-Bit,Free Shipping
iBUYPOWER,iBUYPOWER Gaming Desktop Element 041i Intel Core i7 8th Gen 8700 (3.20 GHz) 16 GB DDR4 1 TB HDD 240 GB SSD NVIDIA GeForce RTX 2080 Windows 10 Home 64-Bit,$9.99 Shipping
HP,HP All-in-One Computer ENVY Curved 34-b010 Intel Core i7 7th Gen 7700T (2.90 GHz) 16 GB DDR4 1 TB HDD 256 GB SSD AMD Radeon RX 460 Windows 10 Home 64-Bit,Free Shipping
CyberpowerPC,CyberpowerPC Desktop Computer GXI10922OPT Intel Core i5 8th Gen 8600K (3.60 GHz) 8 GB DDR4 1 TB HDD 16 GB Optane Memory AMD Radeon RX 580 Windows 10 Home 64-Bit,$23.49 Shipping
CyberpowerPC,CyberpowerPC Desktop Computer GXI10920CPG Intel Core i5 8th Gen 8600K (3.60 GHz) 8 GB DDR4 1 TB HDD 120 GB SSD AMD Radeon RX 580 Windows 10 Home 64-Bit,Free Shipping
Alienware,Alienware Desktop Computer Alienware Aurora R6 AWAUR6-7482SLV Intel Core i7 7th Gen 7700 (3.60 GHz) 8 GB DDR4 1 TB HDD NVIDIA GeForce GTX 1060 Windows 10 Home 64-Bit,Free Shipping
HP,HP Desktop Computer Omen 880-020 Ryzen 5 1400 (3.20 GHz) 8 GB DDR4 1 TB HDD 256 GB SSD AMD Radeon RX 580 Windows 10 Home,Free Shipping
HP,HP Desktop Computer Omen 880-059 Ryzen 5 1400 (3.20 GHz) 8 GB DDR4 1 TB HDD AMD Radeon RX 550 Windows 10 Home,$18.49 Shipping
SuperMicro,SUPERMICRO SYS-5038AM-BP-WI001 Business Plus Workstation PC Black,$14.99 Shipping
HP,HP Gaming Desktop Pavilion 690-0019 Ryzen 5 2400G (3.60 GHz) 8 GB DDR4 2 TB HDD 128 GB SSD AMD Radeon RX 550 Windows 10 Home 64-Bit,$18.49 Shipping
ABS,ABS Spec-Omega RTX 2080 Ti 11 GB Intel i9-7920X (2.90 GHz) 12-Core Liquid Cooling (240 mm) RGB 32 GB 3000 MHz DDR4 500 GB NVMe SSD 2 TB HDD Windows 10 64-Bit Gaming PC ALI238,$9.99 Shipping
CybertronPC,CLX SET AMD Ryzen 7 1700X 3.40GHz 8-Core 16GB DDR4 NVIDIA GTX 1080 8GB 256GB SSD 3TB HDD Win 10 Home 64-bit,$17.95 Shipping
CybertronPC,CybertronPC Gaming Desktop PC Rhodium AMD Ryzen 7 1700X 3.4GHz (8 Cores) 16GB DDR4 1TB HDD 120GB SSD Radeon RX 480 8GB GDDR5 MS Windows 10 Home 64-Bit,$17.95 Shipping
CyberpowerPC,CYBERPOWERPC Battlebox Essential Liquid Cool i7| 16GB| 120GB + 2TB| Windows 10,Free Shipping
Acer America,Acer Desktop Computer Aspire GX-281-UR12 Ryzen 7 1700X (3.40 GHz) 16 GB DDR4 1 TB HDD 256 GB SSD NVIDIA GeForce GTX 1060 Windows 10 Home 64-Bit,Free Shipping
Acer America,Acer Desktop Computer Aspire GX-281-UR13 Ryzen 7 1700X (3.40 GHz) 16 GB DDR4 1 TB HDD 256 GB SSD AMD Radeon RX 480 Windows 10 Home 64-Bit,Free Shipping
CyberpowerPC,CyberpowerPC Desktop Computer GXI10862OPT Intel Core i5 8th Gen 8400 (2.80 GHz) 8 GB DDR4 1 TB HDD 16 GB Optane Memory NVIDIA GeForce GTX 1050 Ti Windows 10 Home 64-Bit,Free Shipping
CybertronPC,CLX SET Gaming AMD Ryzen 5 1500X 3.50GHz 4-Core 8GB DDR4 NVIDIA GTX 1060 3GB 120GB SSD 1TB HDD Win 10 Home 64-bit,$22.90 Shipping
CybertronPC,CybertronPC Gaming Desktop Computer Rhodium (White/Red) AMD FX-8300 (3.30 GHz) 16GB DDR3 1TB HDD NVIDIA GeForce GTX 1060 6GB GDDR5 Logitech Keyboard and Mouse MS Windows 10 Home,$17.95 Shipping
CybertronPC,CybertronPC Gaming Desktop PC Rhodium AMD Ryzen 7 1700 3.0GHz (8 Cores) 8GB DDR4 1TB HDD NVIDIA GeForce GTX 1050 2GB GDDR5 MS Windows 10 Home 64-Bit,$17.95 Shipping
CyberpowerPC,CyberpowerPC Desktop Computer GMA3600INC Ryzen 5 1500X (3.50 GHz) 16 GB DDR4 1 TB HDD 120 GB SSD NVIDIA GeForce GTX 1060 Windows 10 Home 64-Bit,$23.49 Shipping
HP,HP Desktop Computer Omen 880-039 Ryzen 7 1800X (3.60 GHz) 8 GB DDR4 1 TB HDD 256 GB SSD AMD Radeon RX 580 Windows 10 Home 64-Bit,$18.49 Shipping
HP,HP All-in-One Computer EliteOne 800 G3 Intel Core i7 7700 (3.60 GHz) 8 GB DDR4 1 TB HDD AMD Radeon RX 460 Windows 10 Professional 64-bit,$4.99 Shipping
Lenovo,Lenovo Desktop Computer 720-18ASU 90H1000NUS Ryzen 7 1700 (3.00 GHz) 16 GB DDR4 1 TB HDD 128 GB M.2 PCIe SSD AMD Radeon RX 570 Windows 10 Home 64-Bit,Free Shipping
DELL,DELL Gaming Desktop Alienware Aurora R7 AWAUR7-7019SLV Intel Core i7 8th Gen 8700 (3.20 GHz) 16 GB DDR4 1 TB HDD 256 GB SSD NVIDIA GeForce GTX 1070 Windows 10 Home 64-Bit,Free Shipping
Lenovo,Lenovo Gaming Desktop Legion Y520T-25ICZ Intel Core i7 8th Gen 8700 (3.20 GHz) 16 GB DDR4 1 TB HDD 128 GB SSD NVIDIA GeForce GTX 1060 Windows 10 Home 64-Bit,$20.49 Shipping
CybertronPC,CLX SET AMD Ryzen 7 1700 3.00GHz 8-Core 16GB DDR4 NVIDIA GTX 1070 8GB 120GB SSD 1TB HDD Win 10 Home 64-bit,$22.90 Shipping
CybertronPC,CLX SET AMD Ryzen 5 1600X 3.60GHz 6-Core 16GB DDR4 NVIDIA GTX 1060 6GB 256GB SSD 3TB HDD Win 10 Home 64-bit,$17.95 Shipping
CybertronPC,CLX SET AMD Ryzen 7 1700 3.00 GHz 8-Core16GB DDR4 120GB SSD 2TB NVIDIA GeForce GTX 1070 8GB WiFi Windows 10,$22.90 Shipping
CyberPower,CYBERPOWERPC Gamer Supreme Liquid Cool SLC8762OPT Gaming PC (Intel i7+ 8700K 3.7GHz| 16GB DDR4| NVIDIA GeForce GTX 1070 8GB| 2TB HDD + 16GB Optane Memory & Win 10) Black,$9.49 Shipping
CybertronPC,CLX SET AMD Ryzen 7 1800X 3.60 GHz 8-Core Liquid Cooled 16GB DDR4 240GB SSD 2TB NVIDIA GeForce GTX 1080 8GB Windows 10,$22.90 Shipping
Acer America,Acer Desktop Computer Predator G1-710-70004 Intel Core i7 6th Gen 6700 (3.40 GHz) 16 GB DDR4 2 TB HDD 512 GB M.2 SSD NVIDIA GeForce GTX 1070 Windows 10 Home,Free Shipping
Acer America,Acer Desktop Computer Aspire GX-281-UR15 Ryzen 5 1600 (3.20 GHz) 8 GB DDR4 1 TB HDD NVIDIA GeForce GTX 1050 Ti Windows 10 Home 64-Bit,Free Shipping
HP,HP Desktop Computer Omen 880-069 Ryzen 5 1400 (3.20 GHz) 8 GB DDR4 1 TB HDD NVIDIA GeForce GTX 1050 Windows 10 Home,$18.49 Shipping
HP,HP Gaming Desktop Pavilion 790-0009 Intel Core i3 8th Gen 8100 (3.60 GHz) 8 GB DDR4 1 TB HDD 128 GB PCIe NVMe SSD NVIDIA GeForce GTX 1050 Ti Windows 10 Home 64-Bit,$23.49 Shipping
CyberpowerPC,CyberpowerPC Desktop Computer Gamer Supreme SLC8620INC Intel Core i7 X-series 7800X (3.50 GHz) 16 GB DDR4 2 TB HDD 240 GB SSD NVIDIA GeForce GTX 1070 Windows 10 Home 64-Bit,$24.49 Shipping
Lenovo,Lenovo Desktop PC Y900-34IKB 90DD00C9US Intel Core i7 7th Gen 7700K (4.20 GHz) 16 GB DDR4 1 TB HDD 128 GB PCIe SSD NVIDIA GeForce GTX 1070 Windows 10 Home 64-Bit,Free Shipping
CyberpowerPC,CyberpowerPC Desktop Computer SLC8520INC Ryzen 7 1800X (3.60 GHz) 16 GB DDR4 2 TB HDD 120 GB SSD NVIDIA GeForce GTX 1070 Windows 10 Home 64-Bit Liquid Cooling,$23.49 Shipping
iBUYPOWER,iBUYPOWER Gaming Desktop Element 042i Intel Core i7 8th Gen 8700K (3.70 GHz) 16 GB DDR4 1 TB HDD 240 GB SSD NVIDIA GeForce RTX 2080 Windows 10 Home 64-Bit,$9.99 Shipping
CybertronPC,CLX SET Intel Core i7-8700K 3.70 GHz 6-Core Liquid Cooled 32GB DDR4 240GB SSD 3TB NVIDIA GeForce GTX 1080 Ti 11GB WiFi Windows 10,$17.95 Shipping
CybertronPC,CLX SET Intel Core i9 7920X 2.90 GHz 12-Core Liquid Cooled 32GB DDR4 480GB SSD 3TB NVIDIA Geforce GTX 1080 Ti 8GB WiFi Windows 10,$17.95 Shipping
Lenovo,Lenovo Legion Y920T-34IKZ Desktop Computer Intel Quad Core i7 7700K 7th Gen 4.20GHz 16GB DDR4 2TB HDD 128GB SSD Windows 10 Home 64-bit Black Model 90H4000AUS,Free Shipping
CybertronPC,CybertronPC Gaming Desktop PC Rhodium AMD Ryzen 7 1800X 3.6GHz (8 Cores) 32GB DDR4 3TB HDD 240GB SSD Radeon RX 480 8GB GDDR5 MS Windows 10 Home 64-Bit,$17.95 Shipping
CyberpowerPC,CYBERPOWERPC AMD1800X/32GB/2288GB/GTX1080/W10,$29.99 Shipping
HP,HP Bilingual Gaming Desktop Pavilion 790-0019 Intel Core i5 8th Gen 8400 (2.80 GHz) 16 GB DDR4 2 TB HDD 256 GB PCIe NVMe SSD NVIDIA GeForce GTX 1060 Windows 10 Home 64-Bit,$20.99 Shipping
CybertronPC,CLX SET Intel Core i7-8700K 3.70 GHz6-Core Liquid Cooled 16GB DDR4 240GB SSD 3TB NVIDIA GeForce GTX 1080 Ti 11GB Windows 10,$17.95 Shipping
CybertronPC,CLX SET Intel Core i7 8700 3.20 GHz 6-Core 16GB DDR4 120GB SSD 1TB NVIDIA GeForce GTX 1060 3GB WiFi Windows 10,$17.95 Shipping
ABS,ABS Prime-1600 Gaming Desktop Ryzen 5 1600 (3.2 GHz) 16 GB DDR4 240 GB SSD 1 TB HDD NVIDIA GeForce GTX 1050 Ti 4 GB Windows 10 Home 64-Bit ALA068,$9.99 Shipping
DELL,DELL Desktop Computer Inspiron 5675 i5675-A128BLU-PUS Ryzen 7 1700X (3.40 GHz) 8 GB DDR4 1 TB HDD AMD Radeon RX 570 Windows 10 Home 64-Bit,$9.99 Shipping
Acer America,Acer Desktop PC Predator G3 AG3-710-UR61 Intel Core i5 6th Gen 6400 (2.7 GHz) 12 GB DDR4 2 TB HDD NVIDIA GeForce GTX 960 4 GB GDDR5 Windows 10 Home 64-Bit,Free Shipping
Acer America,Acer Desktop Computer Predator Orion 9000 PO9-600-I7KFCF1080Ti Intel Core i7 8th Gen 8700K (3.70 GHz) 32 GB DDR4 2 TB HDD 512 GB PCIe NVMe SSD NVIDIA GeForce GTX 1080 Ti Windows 10 Home 64-Bit,Free Shipping
CyberPower,cyberpowerpc gamer xtreme gxivr8020a5 desktop gaming pc intel i58400 6 core processor| amd rx 580 4gb| 8gb ddr4 ram| 1tb 7200rpm hdd| wifi| win 10 home 64bit| black  vr ready,Free Shipping
Acer America,Acer Desktop Computer Predator G3-710-UC11 Intel Core i7 7th Gen 7700 (3.60 GHz) 32 GB DDR4 1 TB HDD 256 GB SSD NVIDIA GeForce GTX 1070 Windows 10 Home 64-Bit (Manufacturer Recertified),$3.99 Shipping
MSI,MSI Gaming Desktop Codex XE VR8RD-067US Intel Core i5 8th Gen 8600K (3.60 GHz) 8 GB DDR4 256 GB SSD NVIDIA GeForce GTX 1060 Windows 10 Home 64-Bit,$3.99 Shipping
Acer America,Acer Desktop Predator G3 G3-710-UR11 Intel Core i5 7th Gen 7400 (3.00 GHz) 12 GB DDR4 1 TB HDD 128 GB SSD NVIDIA GeForce GTX 1060 Windows 10 Home,$3.99 Shipping
HP,Refurbished HP EliteDesk 705G1 SFF AMD A4-7300B 3.8G  / 8G DDR3 / 2TB / DVD / Windows 10 Professional 64 Bits / 1 Year Warranty,$3.99 Shipping
Lenovo,Desktop Computer ThinkCentre M78 A4-Series APU A4-5300B (3.40 GHz) 4 GB DDR3 250 GB HDD AMD Radeon HD 7540D Windows 10 Pro Multi-Language| English / Spanish,$3.99 Shipping
Lenovo,Refurbished Lenovo M78 Slim/Small form factor AMD A4-Series APU 5300B 3.4G / 4G DDR3 / 250G / DVD / Windows 7 Professional 64 Bit / 1 Year Warranty,$3.99 Shipping
MSI,MSI Desktop Computer NIGHTBLADE MIB VR7RC-246US Intel Core i7 7th Gen 7700 (3.60 GHz) 8 GB DDR4 1 TB HDD NVIDIA GeForce GTX 1060 Windows 10 Home 64-Bit,$3.99 Shipping
Lenovo,Lenovo Desktop PC ThinkCentre M78 A6-Series APU A6-5400B (3.60 GHz) 4 GB DDR3 320 GB HDD AMD Radeon HD 7540D Windows 10 Pro Multi-Language| English / Spanish,$3.99 Shipping
HP,HP Factory Recertified HP Gaming Desktop ENVY 750-610 Ryzen 5 1400 (3.20 GHz) 8 GB DDR4 1 TB HDD  AMD Radeon RX 580 Windows 10 Home 64-Bit,Free Shipping
ASUS,ASUS Gaming Desktop GD30CI-RB71-GTX1070-CB Intel Core i7 7th Gen 7700 (3.60 GHz) 16 GB DDR4 1 TB HDD 256 GB SSD NVIDIA GeForce GTX 1070 Windows 10 Home 64-Bit,$3.99 Shipping
HP,HP Desktop Computer (Factory Recertfied) Pavilion Power 580-137c Ryzen 7 1st Gen 1700 (3.00 GHz) 16 GB DDR4 1 TB HDD AMD Radeon RX 550 Windows 10 Home 64-Bit,Free Shipping
Lenovo,Refurbished Lenovo M78 Slim/Small form factor AMD A6-Series APU 5400B 3.6G / 4G DDR3 / 320G / DVD / Windows 7 Professional 64 Bit / 1 Year Warranty,$3.99 Shipping
ASUS,ASUS All-in-One Computer Zen AiO Pro Z240-C3 Intel Core i5 6th Gen 6400T (2.20 GHz) 8 GB 1 TB HDD NVIDIA GeForce GTX 950M Windows 10 Home,$1.99 Shipping
HP,Refurbished HP EliteDesk 705G1 SFF AMD A4-7300B 3.8G / 4G DDR3 / 1TB / DVD / Windows 10 Professional 64 Bits / 1 Year Warranty,$3.99 Shipping
Acer America,Acer Desktop Computer Predator G6-710-70003 Intel Core i7 7th Gen 7700K (4.20 GHz) 16 GB DDR4 1 TB HDD 256 GB SSD NVIDIA GeForce GTX 1070 Windows 10 Home 64-Bit,$3.99 Shipping
MSI,MSI Desktop Computer Codex XE VR8RD-062US Intel Core i7 8th Gen 8700K (3.70 GHz) 16 GB DDR4 512 GB SSD NVIDIA GeForce GTX 1070 Windows 10 Home 64-Bit,$3.99 Shipping
HP,Refurbished HP EliteDesk 705G1 SFF AMD A4-7300B 3.8G  / 8G DDR3 / 320G / DVD / Windows 10 Professional 64 Bits / 1 Year Warranty,$3.99 Shipping
HP,Refurbished HP EliteDesk 705G1 SFF AMD A4-7300B 3.8G / 4G DDR3 / 2TB / DVD / Windows 10 Professional 64 Bits / 1 Year Warranty,$3.99 Shipping
DELL,Dell XPS 8930 i7-8700 X6 3.2GHz 64GB 2.3TB Win10| Black (Certified Refurbished),$1.99 Shipping
HP,Refurbished HP EliteDesk 705G1 SFF AMD A4-7300B 3.8G  / 8G DDR3 / 1TB / DVD / Windows 10 Professional 64 Bits / 1 Year Warranty,$3.99 Shipping
HP,Refurbished HP EliteDesk 705G1 SFF AMD A4-7300B 3.8G / 4G DDR3 / 250G / DVD / Windows 10 Professional 64 Bits / 1 Year Warranty,$3.99 Shipping
MSI,MSI Gaming Desktop Codex XE VR8RD-074US Intel Core i7 8th Gen 8700K (3.70 GHz) 16 GB DDR4 2 TB HDD 256 GB SSD NVIDIA GeForce GTX 1070 Windows 10 Home 64-Bit,$3.99 Shipping
DELL,Dell XPS 8930 i7-8700 X6 3.2GHz 32GB 1TB Win10| Black (Certified Refurbished),$3.99 Shipping
Apple,Apple iMac MF885LL/A Intel Core i5-4590 X4 3.3GHz 8GB 1TB 27"|Silver(Scratch and Dent),$3.99 Shipping
Acer America,Acer Desktop Computer Predator G6 AG6-710-70001 Intel Core i7 6th Gen 6700K (4.00 GHz) 16 GB DDR4 1 TB HDD 128 GB SSD NVIDIA GeForce GTX 970 Windows 10 Home (Manufacturer Recertified),Free Shipping
Apple,Apple MC814LL/A Intel Core i5-2400 X4 3.1GHz 4GB 1TB 27"|Silver (Scratch and Dent),$3.99 Shipping
Apple,Apple iMac MC309LL/A Intel Core i5-2400S X4 2.5GHz 4GB 500GB 21.5"| Silver (Refurbished),$3.99 Shipping
MSI,MSI Gaming Desktop CODEX XE VR8RF-073US Intel Core i7 8th Gen 8700K (3.70 GHz) 16 GB DDR4 2 TB HDD 256 GB SSD NVIDIA GeForce GTX 1080 Ti Windows 10 Home 64-Bit,$27.24 Shipping
CyberpowerPC,CyberpowerPC Desktop Computer Gamer Xtreme GXC780 Intel Core i7 8th Gen 8700 (3.20 GHz) 16 GB DDR4 2 TB HDD 16 GB Optane Memory NVIDIA GeForce GTX 1080 Windows 10 Home 64-Bit,Free Shipping
ASUS,ASUS ROG STRIX GD30 Gaming Desktop| NVIDIA GeForce GTX 1070 8 GB Graphics| Intel Core i7-7700 3.6 GHz Processor| 16 GB DDR4| 256 GB SSD + 1 TB HDD| Full Size Tower,Free Shipping
ABS,ABS Battlebox Essential Bearcat Barrage NVIDIA GeForce GTX 1080 Intel i7-7700K (4.20 GHz) 16 GB DDR4 240 GB SSD 2 TB HDD Windows 10 Home 64-Bit ALI120,$7.99 Shipping
ABS,ABS Prime-1200 Gaming Desktop Ryzen 3 1200 (3.10 GHz) 8 GB DDR4 1 TB HDD NVIDIA GeForce GTX 1050 Ti 4 GB Windows 10 Home 64-Bit ALA067,Free Shipping
iBUYPOWER,iBUYPOWER Desktop Computer AlphaBR16R56 Ryzen 5 1600 (3.20 GHz) 8 GB DDR4 1 TB HDD 120 GB SSD AMD Radeon RX 580 4GB Windows 10 Home 64-Bit,Free Shipping
ABS,ABS Lite-1060 Intel Core i7-7700 (3.6 GHz) 16 GB DDR4 240 GB SSD 1 TB HDD NVIDIA GeForce GTX 1060 3 GB Windows 10 Home 64-Bit Gaming Desktop ALI153,Free Shipping
iBUYPOWER,iBUYPOWER Desktop Computer NE460FS FX-8000 Series FX-8320 (3.50 GHz) 8 GB DDR3 1 TB HDD AMD Radeon RX 460 Windows 10 Home 64-Bit,$4.99 Shipping
ABS,ABS Prime-7700 NVIDIA GeForce GTX 1080 Intel i7-7700 (3.60 GHz) 16 GB DDR4 250 GB SSD 1 TB HDD Windows 10 Home 64-Bit ALI149,$4.99 Shipping
CyberpowerPC,CyberpowerPC Gaming Desktop Gamer Xtreme C566 Intel Core i5 8th Gen 8600K (3.60 GHz) 8 GB DDR4 2 TB HDD 16 GB Optane Memory NVIDIA GeForce GTX 1060 Windows 10 Home 64-Bit,$9.99 Shipping
iBUYPOWER,iBUYPOWER Battlebox Essential Desktop Computer NE770RAi Intel Core i7 7th Gen 7700 (3.60 GHz) 8 GB DDR4 1 TB HDD 120 GB SSD NVIDIA GeForce GTX 1060 Windows 10 Home 64-Bit,Free Shipping
ABS,ABS GT1 Radeon RX 570 AMD RYZEN 5 1600 (3.20 GHz) 8 GB DDR4 1 TB HDD Windows 10 Home 64-Bit ALA076,$9.99 Shipping
ABS,ABS Battlebox Essential Meteor-X NVIDIA GeForce GTX 1060 6 GB AMD Ryzen 1700 (3.00 GHz) 8 GB DDR4 1 TB HDD 120 GB SSD Windows 10 Home 64-Bit ALA075,Free Shipping
iBUYPOWER,iBUYPOWER Desktop Computer N27WRX58OP1 Intel Core i7 8th Gen 8700 (3.20 GHz) 8 GB DDR4 2 TB HDD 16 GB Optane Memory AMD Radeon RX 580 Windows 10 Home 64-Bit,$9.99 Shipping
ABS,ABS Gaming Prime-1600R Desktop AMD Ryzen 5 1600 (3.2 GHz) 8 GB DDR4 RAM 240 GB SSD 1 TB HDD NVIDIA GeForce GTX 1060 6 GB Windows 10 Home 64-Bit ALA064,$9.99 Shipping
MSI,MSI Gaming Desktop Infinite X 8RG-039US Intel Core i7 8th Gen 8700 (3.20 GHz) 16 GB DDR4 2 TB HDD 256 GB M.2 SSD NVIDIA GeForce GTX 1070 Ti Windows 10 Home 64-Bit,$9.99 Shipping
ABS,ABS Battlebox Essential Bearcat Barrage NVIDIA GeForce GTX 1070 Ti Intel i7-8700K (3.70 GHz) 16 GB DDR4 240 GB SSD 1 TB HDD Windows 10 Home 64-Bit ALI177,$9.99 Shipping
ABS,ABS Battlebox Ultimate Crystal RGB STRIX NVIDIA GeForce GTX 1080 Ti Intel i9-7900X (3.30 GHz) Liquid Cooling (240 mm) 32 GB 3000 MHz DDR4 512 GB NVMe SSD 2 TB HDD Windows 10 Home 64-Bit ALI151,$9.99 Shipping
ABS,ABS Battlebox Essential Prime-1600W NVIDIA GeForce GTX 1060 6 GB AMD Ryzen 5 1600 (3.20 GHz) 8 GB DDR4 RAM 240 GB SSD 1 TB HDD Windows 10 64-Bit Home Gaming Desktop ALA071,$9.99 Shipping
MSI,MSI Gaming Desktop Aegis 3 Plus 8RE-223US Intel Core i7 8th Gen 8700 (3.20 GHz) 16 GB DDR4 2 TB HDD 256 GB M.2 SSD NVIDIA GeForce GTX 1080 Windows 10 Home 64-Bit,Free Shipping
ABS,ABS Battlebox Essential Meteor NVIDIA GeForce GTX 1060 6 GB Intel Core i7-7700K (4.20 GHz) Liquid Cooling (120 mm) 16 GB DDR4 120 GB SSD 1 TB HDD Windows 10 Home 64-Bit ALI173,$4.99 Shipping
iBUYPOWER,iBUYPOWER Desktop Computer NE8702OPi Intel Core i7 8th Gen 8700K (3.70 GHz) 16 GB DDR4 2 TB HDD 16 GB Optane Memory NVIDIA GeForce GTX 1070 Windows 10 Home 64-Bit,$9.99 Shipping
CyberpowerPC,CyberpowerPC Desktop Computer Gamer Master 2271 Ryzen 7 2nd Gen 2700X (3.70 GHz) 8 GB DDR4 2 TB HDD AMD Radeon RX 580 Windows 10 Home 64-Bit,Free Shipping
Acer America,Acer Desktop Computer Predator G1-710-70010 Intel Core i7 7th Gen 7700 (3.60 GHz) 16 GB DDR4 2 TB HDD 512 GB M.2 SSD NVIDIA GeForce GTX 1060 Windows 10 Home 64-Bit,Free Shipping
iBUYPOWER,iBUYPOWER Desktop Computer NE3000SBN Intel Core i7 8th Gen 8700K (3.70 GHz) 16 GB DDR4 2 TB HDD 240 GB SSD NVIDIA GeForce GTX 1080 Windows 10 Home 64-Bit,Free Shipping
CyberpowerPC,CyberpowerPC Gaming Desktop Gamer Master 2088 Ryzen 7 1700X (3.40 GHz) 8 GB DDR4 2 TB HDD AMD Radeon RX 580 Windows 10 Home 64-Bit,Free Shipping
CyberpowerPC,CyberpowerPC Desktop Computer Gamer Xtreme S752 Intel Core i7 7th Gen 7700K (4.20 GHz) 8 GB DDR4 1 TB HDD 240 GB SSD NVIDIA GeForce GTX 1070 Windows 10 Home 64-Bit,$7.99 Shipping
ZOTAC,ZOTAC GAMING MEK1 GAMING PC NVIDIA GeForce GTX 1070 Ti Intel Core i7-7700 (3.60 GHz) 16 GB DDR4 240 GB NVMe SSD 1 TB HDD Windows 10 SPECTRA Lighting Ultra-Slim Design Mini ITX Desktop - G1107TK700B-U,Free Shipping
ASUS,ASUS Zen AiO Pro All-in-One Computer Z240IE-DS71 Intel Core i7 7th Gen 7700T (2.9 GHz) 16 GB DDR4 1 TB HDD 128 GB SSD 23.8" Touchscreen Windows 10 Home 64-Bit,$9.99 Shipping
ABS,ABS Battlebox Essential Vortex Leo NVIDIA GeForce GTX 1060 6 GB Intel i7-7700K (4.20 GHz) 32 GB DDR4 240 GB SSD 1 TB HDD Windows 10 Home 64-Bit ALI124,$4.99 Shipping
Lenovo,Lenovo Gaming Desktop Legion Y520T-25ICZ (90JB003FUS) Intel Core i7 8th Gen 8700 (3.20 GHz) 8 GB DDR4 1 TB HDD 128 GB NVMe SSD NVIDIA GeForce GTX 1060 Windows 10 Home 64-Bit,Free Shipping
CyberpowerPC,CyberpowerPC  Battlebox Ultimate Desktop Computer Gamer Master 2007 GM2007LQ Ryzen 7 1800X (3.60 GHz) 16 GB DDR4 4 TB HDD 1 TB SSD NVIDIA GeForce GTX 1080 Ti Windows 10 Home 64-Bit,Free Shipping
iBUYPOWER,iBUYPOWER Gaming Desktop View2187Ti Intel Core i7 8th Gen 8700 (3.20 GHz) 16 GB DDR4 2 TB HDD 240 GB SSD NVIDIA GeForce GTX 1070 Ti Windows 10 Home 64-Bit,Free Shipping
iBUYPOWER,iBUYPOWER Battlebox Essential Desktop Computer NE1030X Intel Core i5 X-series 7640X (4.00 GHz) 16 GB DDR4 2 TB HDD 120 GB SSD NVIDIA GeForce GTX 1060 Windows 10 Home 64-Bit,Free Shipping
Acer America,Acer Desktop Computer Aspire GX-281-UR18 Ryzen 7 1700 (3.00 GHz) 16 GB DDR4 1 TB HDD NVIDIA GeForce GTX 1060 3 GB GDDR5 Windows 10 Home 64-Bit,$9.99 Shipping
iBUYPOWER,iBUYPOWER Battlebox Essential Desktop Computer NE8440Ki Intel Core i7 8th Gen 8700K (3.70 GHz) 16 GB DDR4 1 TB HDD 240 GB SSD NVIDIA GeForce GTX 1060 Windows 10 Home 64-Bit,$9.99 Shipping
iBUYPOWER,iBUYPOWER Desktop Computer View21 028a Ryzen 7 1st Gen 1800X (3.60 GHz) 8 GB DDR4 1 TB HDD AMD Radeon RX 580 Windows 10 Home 64-Bit,$9.99 Shipping
ABS,ABS Meteor Intel Core i3-8350k (4.00 GHz) 8 GB DDR4 240 GB SSD 1 TB HDD NVIDIA GeForce GTX 1060 6 GB Windows 10 Home 64-Bit ALI194,$9.99 Shipping
iBUYPOWER,iBUYPOWER Desktop Computer NE1070X Intel Core i5 X-series 7640X (4.00 GHz) 16 GB DDR4 1 TB HDD 240 GB SSD AMD Radeon RX 580 Windows 10 Home 64-Bit,$9.99 Shipping
CyberpowerPC,CyberpowerPC Gaming Desktop Gamer Master 2272 Ryzen 7 2nd Gen 2700X (3.70 GHz) 8 GB DDR4 1 TB HDD NVIDIA GeForce GTX 1060 Windows 10 Home 64-Bit,$9.99 Shipping
Acer America,Acer Desktop Computer Predator G6-720-I7KDBE1060 Intel Core i7 7th Gen 7700K (4.20 GHz) 16 GB DDR4 1 TB HDD 256 GB SSD NVIDIA GeForce GTX 1060 Windows 10 Home 64-Bit,Free Shipping
HP,HP Desktop Computer EliteDesk 800 G2 (W8R60US#ABA) Intel Core i5 6th Gen 6600 (3.30 GHz) 16 GB DDR4 128 GB SSD AMD Radeon R9 350 Windows 7 Professional 64-Bit (Downgrade From Windows 10 Pro),Free Shipping
CyberpowerPC,CyberpowerPC Gaming Desktop Gamer Panzer Limited 8168LQ Intel Core i7 8th Gen 8086K (4.00 GHz) 16 GB DDR4 2 TB HDD 240 GB SSD NVIDIA GeForce GTX 1080 Windows 10 Home 64-Bit,$9.99 Shipping
CyberpowerPC,CyberpowerPC Gaming Desktop Gamer Master 2178 Ryzen 7 1st Gen 1700 (3.00 GHz) 8 GB DDR4 1 TB HDD NVIDIA GeForce GTX 1060 Windows 10 Home 64-Bit,$9.99 Shipping
Lenovo,Lenovo Gaming Desktop Legion Y520T-25ICZ (90JB003GUS) Intel Core i5 8th Gen 8400 (2.80 GHz) 8 GB DDR4 1 TB HDD 128 GB NVMe SSD NVIDIA GeForce GTX 1060 Windows 10 Home 64-Bit,$9.99 Shipping
CyberpowerPC,CyberpowerPC Gaming Desktop Gamer Panzer Limited 8328TLQ Intel Core i7+ 8th Gen 8086K (4.00 GHz) 32 GB DDR4 2 TB HDD 500 GB NVMe SSD 16 GB Optane Memory NVIDIA GeForce GTX 1080 Ti Windows 10 Home 64-B,$9.99 Shipping
CyberpowerPC,CyberpowerPC Gaming Desktop Gamer Panzer Limited 8167LQ Intel Core i7+ 8th Gen 8086K (4.00 GHz) 16 GB DDR4 1 TB HDD 16 GB Optane Memory NVIDIA GeForce GTX 1070 Windows 10 Home 64-Bit,$9.99 Shipping
CyberpowerPC,CyberpowerPC Gaming Desktop Gamer Panzer Limited 8327TLQ Intel Core i7 8th Gen 8086K (4.00 GHz) 32 GB DDR4 1 TB HDD 240 GB SSD NVIDIA GeForce GTX 1070 Ti Windows 10 Home 64-Bit,$9.99 Shipping
DELL,DELL Desktop Computer XPS 8930 XPS8930-7071BLK Intel Core i7+ 8th Gen 8700 (3.20 GHz) 8 GB DDR4 1 TB HDD 16 GB Optane Memory NVIDIA GeForce GTX 1060 6 GB Windows 10 Home 64-Bit,$9.99 Shipping
ABS,ABS Eclipse NVIDIA GeForce GTX 1050 2 GB AMD Ryzen 3 1200 (3.10 GHz) 8 GB DDR4 1 TB HDD Windows 10 Home 64-Bit Gaming PC ALA086,$9.99 Shipping
ABS,ABS Battlebox Essential Vortex Leo NVIDIA GeForce GTX 1060 6 GB Intel i5-8600K (3.6 GHz) 16 GB DDR4 240 GB SSD 1 TB HDD Windows 10 Home 64-Bit ALI180,$9.99 Shipping
ASUS,ASUS Desktop Computer ROG G20CB-B10 Intel Core i7 6th Gen 6700 (3.40 GHz) 16 GB 2 TB HDD NVIDIA GeForce GTX 970 Windows 10 Home 64-Bit,$3.99 Shipping
MSI,MSI Gaming Desktop CODEX XE VR8RF-073US Intel Core i7 8th Gen 8700K (3.70 GHz) 16 GB DDR4 2 TB HDD 256 GB SSD NVIDIA GeForce GTX 1080 Ti Windows 10 Home 64-Bit,$3.99 Shipping
MSI,MSI Grade A Desktop Computer Vortex VORTEX G65 SLI-002 Intel Core i7 6th Gen 6700K (4.00 GHz) 32 GB DDR4 1 TB HDD 256 GB SSD NVIDIA GeForce GTX 980 SLI Windows 10 Home,$9.99 Shipping
HP,HP All-in-One Computer ENVY Curved 34-B017C Intel Core i7 7th Gen 7700T (2.90 GHz) 16 GB 2 TB HDD 256 GB PCIe SSD AMD Radeon RX 460 Windows 10 Home 64-Bit,$9.99 Shipping
ASUS,ASUS Desktop Computer G20AJ-B11 Intel Core i7 4th Gen 4790 (3.60 GHz) 16 GB DDR3 2 TB HDD NVIDIA GeForce GTX 960 Windows 8.1,$3.99 Shipping
ASUS,ASUS Desktop Computer G11CD-B11 Intel Core i5 6th Gen 6400 (2.70 GHz) 8 GB 1 TB HDD NVIDIA GeForce GTX 970 Windows 10 Home 64-Bit,$3.99 Shipping
CyberpowerPC,CyberpowerPC Gaming Desktop Gamer Master Pro 200 Ryzen Threadripper 2990WX (3.00 GHz) 16 GB DDR4 2 TB HDD 240 GB SSD NVIDIA GeForce GTX 1070 Ti Windows 10 Home 64-Bit,$9.99 Shipping
CybertronPC,CLX SET Intel Core i3 8100 3.60 GHz8GB DDR4 120GB SSD 1TB NVIDIA GeForce GTX 1050 Ti 4GB WiFi Windows 10,$9.99 Shipping
SkyTech,SkyTech Gaming Desktop Omega ST-OMEGA-8700K-1080TI Intel Core i7 8th Gen 8700K (3.70 GHz) 16 GB DDR4 2 TB HDD 250 GB SSD NVIDIA GeForce GTX 1080 Ti Windows 10 Home 64-Bit,$9.99 Shipping
SkyTech,SkyTech Gaming Desktop Oracle ST-ORACLE-1200-16G-1060-6G Ryzen 3 1200 (3.10 GHz) 16 GB DDR4 1 TB HDD 120 GB SSD NVIDIA GeForce GTX 1060 Windows 10 Home 64-Bit,$9.99 Shipping
CybertronPC,CLX SET AMD Ryzen Threadripper 1920X 3.50GHz 14-Core Liquid Cooled 32GB DDR4 240GB SSD 3TB AMD Radeon Vega 64 8GB Windows 10,$9.99 Shipping
CyberpowerPC,CyberpowerPC Desktop Computer Crystal Gaming Series Pro CCS4000 Intel Core i7 X-series 7800X (3.50 GHz) 32 GB DDR4 3 TB HDD 512 GB NVMe SSD NVIDIA GeForce GTX 1080 Windows 10 Home 64-Bit,$4.99 Shipping
CybertronPC,CLX SET AMD Ryzen Threadripper 1950X 3.40 GHz 16-Core Liquid Cooled 32GB DDR4 1TB SSD 4TB NVIDIA GeForce GTX 1080 Ti 11GB Windows 10,$9.99 Shipping
SkyTech,SkyTech Gaming Desktop Omega ST-OMEGA-8700K-1080 Intel Core i7 8th Gen 8700K (3.70 GHz) 16 GB DDR4 2 TB HDD 250 GB SSD NVIDIA GeForce GTX 1080 Windows 10 Home 64-Bit,$9.99 Shipping
ASUS,ROG Huracan G21 Compact Gaming Desktop| Intel® Core™ i7-8700 Processor (Up to 4.6 Ghz)| NVIDIA® GeForce GTX 1080 16GB 2666Mhz RAM 512GB SSD + 1TB HDD| 802.11ac Wi-Fi,Free Shipping
SkyTech,SkyTech Gaming Desktop Omega ST-OMEGA-8700K-1070TI Intel Core i7 8th Gen 8700K (3.70 GHz) 16 GB DDR4 2 TB HDD 250 GB SSD NVIDIA GeForce GTX 1070 Ti Windows 10 Home 64-Bit,$9.99 Shipping
CybertronPC,CLX SET Intel Core i5 8400 2.40 GHz 6-Core 16GB DDR4 120GB SSD 1TB NVIDIA GeForce GTX 1050 Ti 4 GB WiFi Windows 10,$9.99 Shipping
SkyTech,SkyTech Gaming Desktop Omega Mini ST-OMEGA-RYZ1400-1050TI-4G Ryzen 5 1400 (3.20 GHz) 16 GB DDR4 500 GB SSD NVIDIA GeForce GTX 1050 Ti Windows 10 Home 64-Bit,$9.99 Shipping
SkyTech,SkyTech Gaming Desktop Omega Mini ST-OMEGA-RYZ1400-1060-3G Ryzen 5 1400 (3.20 GHz) 16 GB DDR4 500 GB SSD NVIDIA GeForce GTX 1060 Windows 10 Home 64-Bit,$9.99 Shipping
CybertronPC,CLX SET Intel Core i5 8600K 3.60 GHz 6-Core 16GB DDR4 120GB SSD 1TB NVIDIA GeForce GTX 1060 3GB WiFi Windows 10,$9.99 Shipping
SkyTech,SkyTech Gaming Desktop Oracle ST-ORACLE-1200-16G-1050TI Ryzen 3 1200 (3.10 GHz) 16 GB DDR4 1 TB HDD 120 GB SSD NVIDIA GeForce GTX 1050 Ti Windows 10 Home 64-Bit,$9.99 Shipping
DELL,DELL All-in-One Computer Inspiron i7775-A698SLV Ryzen 7 16 GB DDR4 1 TB HDD AMD Radeon RX 560 Windows 10 Home 64-Bit,Free Shipping
Lenovo,Lenovo Legion Y720T-34IKH Desktop Computer Intel Core i7 7700 7th Gen 3.60GHz 16 GB DDR4 SDRAM 1TB HDD 128GB SSD Windows 10 Home 64-bit Tower Black Model 90H5000NUS,Free Shipping
SkyTech,SkyTech Gaming Desktop Omega Mini ST-OMEGA-RYZ1400-1050-2G Ryzen 5 1400 (3.20 GHz) 16 GB DDR4 500 GB SSD NVIDIA GeForce GTX 1050 Windows 10 Home 64-Bit,$9.99 Shipping
ZOTAC,ZOTAC VR GO VR Ready Backpack PC| ZBOX-VR7N70-U-W2B| Intel Skylake Core i7 Quad-core Processor NVIDIA GeForce GTX 1070 8 GB GDDR5 Graphics Whisper Quiet 240 GB SSD 16 GB DDR4 Memory Windows 10 Home,$35.05 Shipping
MSI,Infinite X 8RF 070CA VR Ready,$40.62 Shipping
ASUS,ASUS Zen AiO Pro All-in-One Computer Z240IE-DS71 Intel Core i7 7th Gen 7700T (2.9 GHz) 16 GB DDR4 1 TB HDD 128 GB SSD 23.8" Touchscreen Windows 10 Home 64-Bit,Free Shipping
ASUS,ASUS G11CD Gaming Desktop| Intel Core i5 Processor| GeForce GTX 1060 6 GB GDDR5| 1 TB 7200 RPM HDD| 8 GB DDR4 RAM| Customizable RGB Lighting| Mid Tower| Windows 10 Pre-installed,Free Shipping
MSI,MSI Gaming Desktop Trident 3 VR7RD-202US Intel Core i7 7th Gen 7700 (3.60 GHz) 16 GB DDR4 1 TB HDD 256 GB M.2 SSD NVIDIA GeForce GTX 1070 Windows 10 Home 64-Bit,Free Shipping
MSI,MSI Desktop Computer Infinite VR7RC-070US Intel Core i7 7th Gen 7700 (3.60 GHz) 16 GB DDR4 2 TB HDD 128 GB SSD NVIDIA GeForce GTX 1060 Windows 10 Home 64-Bit,Free Shipping
Acer America,Acer Gaming Desktop Aspire GX-785-UR1D Intel Core i5 7th Gen 7400 (3.00 GHz) 8 GB DDR4 1 TB HDD AMD Radeon RX 580 Windows 10 Home 64-Bit,Free Shipping
ABS,ABS Mag Radeon RX 560 4 GB Ryzen 3 1200 (3.10 GHz) 8 GB DDR4 1 TB HDD Windows 10 Home 64-Bit ALA080,$9.99 Shipping
MSI,MSI Desktop PC Trident 3 VR7RC-020US Intel Core i5 7th Gen 7400 (3.00 GHz) 8 GB DDR4 1 TB HDD NVIDIA GeForce GTX 1060 Windows 10 Home 64-Bit,$1.99 Shipping
ASUS,ASUS Gaming Desktop A80CJ-DS51 Intel Core i5 7th Gen 7300HQ (2.50 GHz) 8 GB DDR4 1 TB HDD NVIDIA GeForce GTX 1060 Windows 10 Home 64-Bit,$3.99 Shipping
ASUS,ASUS Gaming Desktop G20CB-B15 Intel Core i7 6th Gen 6700 (3.40 GHz) 16 GB DDR4 1 TB HDD 256 GB SSD NVIDIA GeForce GTX 980,$3.99 Shipping
ASUS,ASUS Desktop Computer G11CD-US009T Intel Core i5 6th Gen 6400 (2.70 GHz) 8 GB 1 TB + 8 GB SSHD NVIDIA GeForce GTX 960 Windows 10 Home,$3.99 Shipping
ASUS,ASUS Gaming Desktop G11CD-EB71-GTX960 Intel Core i7 6th Gen 6700 (3.40 GHz) 16 GB DDR4 1 TB HDD NVIDIA GeForce GTX 960 Windows 10 Home 64-Bit,$3.99 Shipping
ASUS,ASUS Gaming Desktop G11CD-CA002T Intel Core i7 6th Gen 6700 (3.40 GHz) 16 GB DDR4 2 TB HDD 256 GB SSD NVIDIA GeForce GTX 980 Windows 10 Home 64-Bit,$3.99 Shipping
ASUS,ASUS Gaming Desktop G20CB-B13 Intel Core i5 6th Gen 6400 (2.70 GHz) 16 GB DDR4 512 GB SSD NVIDIA GeForce GTX 970,$3.99 Shipping
Apple,Apple iMac MC812LLA Intel Core i5-2500S X4 2.7GHz 4GB 1TB 21.5"|Silver(Refurbished),$3.99 Shipping
ASUS,ASUS Desktop Computer GD30CI-DS73-GTX1070 Intel Core i7 7th Gen 7700 (3.60 GHz) 16 GB DDR4 1 TB HDD 256 GB SSD NVIDIA GeForce GTX 1070 Windows 10 Home 64-Bit,$3.99 Shipping
SkyTech,SkyTech Gaming Desktop Omega ST-OMEGA-8700K-1080TI Intel Core i7 8th Gen 8700K (3.70 GHz) 16 GB DDR4 2 TB HDD 250 GB SSD NVIDIA GeForce GTX 1080 Ti Windows 10 Home 64-Bit,$9.99 Shipping
SkyTech,SkyTech Gaming Desktop Oracle ST-ORACLE-1200-16G-1060-6G Ryzen 3 1200 (3.10 GHz) 16 GB DDR4 1 TB HDD 120 GB SSD NVIDIA GeForce GTX 1060 Windows 10 Home 64-Bit,$9.99 Shipping
CybertronPC,CLX SET AMD Ryzen Threadripper 1920X 3.50GHz 14-Core Liquid Cooled 32GB DDR4 240GB SSD 3TB AMD Radeon Vega 64 8GB Windows 10,$9.99 Shipping
CyberpowerPC,CyberpowerPC Desktop Computer Crystal Gaming Series Pro CCS4000 Intel Core i7 X-series 7800X (3.50 GHz) 32 GB DDR4 3 TB HDD 512 GB NVMe SSD NVIDIA GeForce GTX 1080 Windows 10 Home 64-Bit,$4.99 Shipping
CybertronPC,CLX SET AMD Ryzen Threadripper 1950X 3.40 GHz 16-Core Liquid Cooled 32GB DDR4 1TB SSD 4TB NVIDIA GeForce GTX 1080 Ti 11GB Windows 10,$9.99 Shipping
SkyTech,SkyTech Gaming Desktop Omega ST-OMEGA-8700K-1080 Intel Core i7 8th Gen 8700K (3.70 GHz) 16 GB DDR4 2 TB HDD 250 GB SSD NVIDIA GeForce GTX 1080 Windows 10 Home 64-Bit,$9.99 Shipping
ASUS,ROG Huracan G21 Compact Gaming Desktop| Intel® Core™ i7-8700 Processor (Up to 4.6 Ghz)| NVIDIA® GeForce GTX 1080 16GB 2666Mhz RAM 512GB SSD + 1TB HDD| 802.11ac Wi-Fi,Free Shipping
SkyTech,SkyTech Gaming Desktop Omega ST-OMEGA-8700K-1070TI Intel Core i7 8th Gen 8700K (3.70 GHz) 16 GB DDR4 2 TB HDD 250 GB SSD NVIDIA GeForce GTX 1070 Ti Windows 10 Home 64-Bit,$9.99 Shipping
CybertronPC,CLX SET Intel Core i5 8400 2.40 GHz 6-Core 16GB DDR4 120GB SSD 1TB NVIDIA GeForce GTX 1050 Ti 4 GB WiFi Windows 10,$9.99 Shipping
SkyTech,SkyTech Gaming Desktop Omega Mini ST-OMEGA-RYZ1400-1050TI-4G Ryzen 5 1400 (3.20 GHz) 16 GB DDR4 500 GB SSD NVIDIA GeForce GTX 1050 Ti Windows 10 Home 64-Bit,$9.99 Shipping
SkyTech,SkyTech Gaming Desktop Omega Mini ST-OMEGA-RYZ1400-1060-3G Ryzen 5 1400 (3.20 GHz) 16 GB DDR4 500 GB SSD NVIDIA GeForce GTX 1060 Windows 10 Home 64-Bit,$9.99 Shipping
CybertronPC,CLX SET Intel Core i5 8600K 3.60 GHz 6-Core 16GB DDR4 120GB SSD 1TB NVIDIA GeForce GTX 1060 3GB WiFi Windows 10,$9.99 Shipping
SkyTech,SkyTech Gaming Desktop Oracle ST-ORACLE-1200-16G-1050TI Ryzen 3 1200 (3.10 GHz) 16 GB DDR4 1 TB HDD 120 GB SSD NVIDIA GeForce GTX 1050 Ti Windows 10 Home 64-Bit,$9.99 Shipping
DELL,DELL All-in-One Computer Inspiron i7775-A698SLV Ryzen 7 16 GB DDR4 1 TB HDD AMD Radeon RX 560 Windows 10 Home 64-Bit,Free Shipping
Lenovo,Lenovo Legion Y720T-34IKH Desktop Computer Intel Core i7 7700 7th Gen 3.60GHz 16 GB DDR4 SDRAM 1TB HDD 128GB SSD Windows 10 Home 64-bit Tower Black Model 90H5000NUS,Free Shipping
SkyTech,SkyTech Gaming Desktop Omega Mini ST-OMEGA-RYZ1400-1050-2G Ryzen 5 1400 (3.20 GHz) 16 GB DDR4 500 GB SSD NVIDIA GeForce GTX 1050 Windows 10 Home 64-Bit,$9.99 Shipping
ZOTAC,ZOTAC VR GO VR Ready Backpack PC| ZBOX-VR7N70-U-W2B| Intel Skylake Core i7 Quad-core Processor NVIDIA GeForce GTX 1070 8 GB GDDR5 Graphics Whisper Quiet 240 GB SSD 16 GB DDR4 Memory Windows 10 Home,$35.05 Shipping
MSI,Infinite X 8RF 070CA VR Ready,$40.62 Shipping
ASUS,ASUS Zen AiO Pro All-in-One Computer Z240IE-DS71 Intel Core i7 7th Gen 7700T (2.9 GHz) 16 GB DDR4 1 TB HDD 128 GB SSD 23.8" Touchscreen Windows 10 Home 64-Bit,Free Shipping
ASUS,ASUS G11CD Gaming Desktop| Intel Core i5 Processor| GeForce GTX 1060 6 GB GDDR5| 1 TB 7200 RPM HDD| 8 GB DDR4 RAM| Customizable RGB Lighting| Mid Tower| Windows 10 Pre-installed,Free Shipping
MSI,MSI Gaming Desktop Trident 3 VR7RD-202US Intel Core i7 7th Gen 7700 (3.60 GHz) 16 GB DDR4 1 TB HDD 256 GB M.2 SSD NVIDIA GeForce GTX 1070 Windows 10 Home 64-Bit,Free Shipping
MSI,MSI Desktop Computer Infinite VR7RC-070US Intel Core i7 7th Gen 7700 (3.60 GHz) 16 GB DDR4 2 TB HDD 128 GB SSD NVIDIA GeForce GTX 1060 Windows 10 Home 64-Bit,Free Shipping
Acer America,Acer Gaming Desktop Aspire GX-785-UR1D Intel Core i5 7th Gen 7400 (3.00 GHz) 8 GB DDR4 1 TB HDD AMD Radeon RX 580 Windows 10 Home 64-Bit,Free Shipping
ABS,ABS Mag Radeon RX 560 4 GB Ryzen 3 1200 (3.10 GHz) 8 GB DDR4 1 TB HDD Windows 10 Home 64-Bit ALA080,$9.99 Shipping
MSI,MSI Desktop PC Trident 3 VR7RC-020US Intel Core i5 7th Gen 7400 (3.00 GHz) 8 GB DDR4 1 TB HDD NVIDIA GeForce GTX 1060 Windows 10 Home 64-Bit,$1.99 Shipping
ASUS,ASUS Gaming Desktop A80CJ-DS51 Intel Core i5 7th Gen 7300HQ (2.50 GHz) 8 GB DDR4 1 TB HDD NVIDIA GeForce GTX 1060 Windows 10 Home 64-Bit,$3.99 Shipping
ASUS,ASUS Gaming Desktop G20CB-B15 Intel Core i7 6th Gen 6700 (3.40 GHz) 16 GB DDR4 1 TB HDD 256 GB SSD NVIDIA GeForce GTX 980,$3.99 Shipping
ASUS,ASUS Desktop Computer G11CD-US009T Intel Core i5 6th Gen 6400 (2.70 GHz) 8 GB 1 TB + 8 GB SSHD NVIDIA GeForce GTX 960 Windows 10 Home,$3.99 Shipping
ASUS,ASUS Gaming Desktop G11CD-EB71-GTX960 Intel Core i7 6th Gen 6700 (3.40 GHz) 16 GB DDR4 1 TB HDD NVIDIA GeForce GTX 960 Windows 10 Home 64-Bit,$3.99 Shipping
ASUS,ASUS Gaming Desktop G11CD-CA002T Intel Core i7 6th Gen 6700 (3.40 GHz) 16 GB DDR4 2 TB HDD 256 GB SSD NVIDIA GeForce GTX 980 Windows 10 Home 64-Bit,$3.99 Shipping
ASUS,ASUS Gaming Desktop G20CB-B13 Intel Core i5 6th Gen 6400 (2.70 GHz) 16 GB DDR4 512 GB SSD NVIDIA GeForce GTX 970,$3.99 Shipping
Apple,Apple iMac MC812LLA Intel Core i5-2500S X4 2.7GHz 4GB 1TB 21.5"|Silver(Refurbished),$3.99 Shipping
ASUS,ASUS Desktop Computer GD30CI-DS73-GTX1070 Intel Core i7 7th Gen 7700 (3.60 GHz) 16 GB DDR4 1 TB HDD 256 GB SSD NVIDIA GeForce GTX 1070 Windows 10 Home 64-Bit,$3.99 Shipping
SkyTech,SkyTech Gaming Desktop Omega ST-OMEGA-8700K-1080TI Intel Core i7 8th Gen 8700K (3.70 GHz) 16 GB DDR4 2 TB HDD 250 GB SSD NVIDIA GeForce GTX 1080 Ti Windows 10 Home 64-Bit,$9.99 Shipping
SkyTech,SkyTech Gaming Desktop Oracle ST-ORACLE-1200-16G-1060-6G Ryzen 3 1200 (3.10 GHz) 16 GB DDR4 1 TB HDD 120 GB SSD NVIDIA GeForce GTX 1060 Windows 10 Home 64-Bit,$9.99 Shipping
CybertronPC,CLX SET AMD Ryzen Threadripper 1920X 3.50GHz 14-Core Liquid Cooled 32GB DDR4 240GB SSD 3TB AMD Radeon Vega 64 8GB Windows 10,$9.99 Shipping
CyberpowerPC,CyberpowerPC Desktop Computer Crystal Gaming Series Pro CCS4000 Intel Core i7 X-series 7800X (3.50 GHz) 32 GB DDR4 3 TB HDD 512 GB NVMe SSD NVIDIA GeForce GTX 1080 Windows 10 Home 64-Bit,$4.99 Shipping
CybertronPC,CLX SET AMD Ryzen Threadripper 1950X 3.40 GHz 16-Core Liquid Cooled 32GB DDR4 1TB SSD 4TB NVIDIA GeForce GTX 1080 Ti 11GB Windows 10,$9.99 Shipping
SkyTech,SkyTech Gaming Desktop Omega ST-OMEGA-8700K-1080 Intel Core i7 8th Gen 8700K (3.70 GHz) 16 GB DDR4 2 TB HDD 250 GB SSD NVIDIA GeForce GTX 1080 Windows 10 Home 64-Bit,$9.99 Shipping
ASUS,ROG Huracan G21 Compact Gaming Desktop| Intel® Core™ i7-8700 Processor (Up to 4.6 Ghz)| NVIDIA® GeForce GTX 1080 16GB 2666Mhz RAM 512GB SSD + 1TB HDD| 802.11ac Wi-Fi,Free Shipping
SkyTech,SkyTech Gaming Desktop Omega ST-OMEGA-8700K-1070TI Intel Core i7 8th Gen 8700K (3.70 GHz) 16 GB DDR4 2 TB HDD 250 GB SSD NVIDIA GeForce GTX 1070 Ti Windows 10 Home 64-Bit,$9.99 Shipping
CybertronPC,CLX SET Intel Core i5 8400 2.40 GHz 6-Core 16GB DDR4 120GB SSD 1TB NVIDIA GeForce GTX 1050 Ti 4 GB WiFi Windows 10,$9.99 Shipping
SkyTech,SkyTech Gaming Desktop Omega Mini ST-OMEGA-RYZ1400-1050TI-4G Ryzen 5 1400 (3.20 GHz) 16 GB DDR4 500 GB SSD NVIDIA GeForce GTX 1050 Ti Windows 10 Home 64-Bit,$9.99 Shipping
SkyTech,SkyTech Gaming Desktop Omega Mini ST-OMEGA-RYZ1400-1060-3G Ryzen 5 1400 (3.20 GHz) 16 GB DDR4 500 GB SSD NVIDIA GeForce GTX 1060 Windows 10 Home 64-Bit,$9.99 Shipping
CybertronPC,CLX SET Intel Core i5 8600K 3.60 GHz 6-Core 16GB DDR4 120GB SSD 1TB NVIDIA GeForce GTX 1060 3GB WiFi Windows 10,$9.99 Shipping
SkyTech,SkyTech Gaming Desktop Oracle ST-ORACLE-1200-16G-1050TI Ryzen 3 1200 (3.10 GHz) 16 GB DDR4 1 TB HDD 120 GB SSD NVIDIA GeForce GTX 1050 Ti Windows 10 Home 64-Bit,$9.99 Shipping
DELL,DELL All-in-One Computer Inspiron i7775-A698SLV Ryzen 7 16 GB DDR4 1 TB HDD AMD Radeon RX 560 Windows 10 Home 64-Bit,Free Shipping
Lenovo,Lenovo Legion Y720T-34IKH Desktop Computer Intel Core i7 7700 7th Gen 3.60GHz 16 GB DDR4 SDRAM 1TB HDD 128GB SSD Windows 10 Home 64-bit Tower Black Model 90H5000NUS,Free Shipping
SkyTech,SkyTech Gaming Desktop Omega Mini ST-OMEGA-RYZ1400-1050-2G Ryzen 5 1400 (3.20 GHz) 16 GB DDR4 500 GB SSD NVIDIA GeForce GTX 1050 Windows 10 Home 64-Bit,$9.99 Shipping
ZOTAC,ZOTAC VR GO VR Ready Backpack PC| ZBOX-VR7N70-U-W2B| Intel Skylake Core i7 Quad-core Processor NVIDIA GeForce GTX 1070 8 GB GDDR5 Graphics Whisper Quiet 240 GB SSD 16 GB DDR4 Memory Windows 10 Home,$35.05 Shipping
MSI,Infinite X 8RF 070CA VR Ready,$40.62 Shipping
ASUS,ASUS Zen AiO Pro All-in-One Computer Z240IE-DS71 Intel Core i7 7th Gen 7700T (2.9 GHz) 16 GB DDR4 1 TB HDD 128 GB SSD 23.8" Touchscreen Windows 10 Home 64-Bit,Free Shipping
ASUS,ASUS G11CD Gaming Desktop| Intel Core i5 Processor| GeForce GTX 1060 6 GB GDDR5| 1 TB 7200 RPM HDD| 8 GB DDR4 RAM| Customizable RGB Lighting| Mid Tower| Windows 10 Pre-installed,Free Shipping
MSI,MSI Gaming Desktop Trident 3 VR7RD-202US Intel Core i7 7th Gen 7700 (3.60 GHz) 16 GB DDR4 1 TB HDD 256 GB M.2 SSD NVIDIA GeForce GTX 1070 Windows 10 Home 64-Bit,Free Shipping
MSI,MSI Desktop Computer Infinite VR7RC-070US Intel Core i7 7th Gen 7700 (3.60 GHz) 16 GB DDR4 2 TB HDD 128 GB SSD NVIDIA GeForce GTX 1060 Windows 10 Home 64-Bit,Free Shipping
Acer America,Acer Gaming Desktop Aspire GX-785-UR1D Intel Core i5 7th Gen 7400 (3.00 GHz) 8 GB DDR4 1 TB HDD AMD Radeon RX 580 Windows 10 Home 64-Bit,Free Shipping
ABS,ABS Mag Radeon RX 560 4 GB Ryzen 3 1200 (3.10 GHz) 8 GB DDR4 1 TB HDD Windows 10 Home 64-Bit ALA080,$9.99 Shipping
MSI,MSI Desktop PC Trident 3 VR7RC-020US Intel Core i5 7th Gen 7400 (3.00 GHz) 8 GB DDR4 1 TB HDD NVIDIA GeForce GTX 1060 Windows 10 Home 64-Bit,$1.99 Shipping
ASUS,ASUS Gaming Desktop A80CJ-DS51 Intel Core i5 7th Gen 7300HQ (2.50 GHz) 8 GB DDR4 1 TB HDD NVIDIA GeForce GTX 1060 Windows 10 Home 64-Bit,$3.99 Shipping
ASUS,ASUS Gaming Desktop G20CB-B15 Intel Core i7 6th Gen 6700 (3.40 GHz) 16 GB DDR4 1 TB HDD 256 GB SSD NVIDIA GeForce GTX 980,$3.99 Shipping
ASUS,ASUS Desktop Computer G11CD-US009T Intel Core i5 6th Gen 6400 (2.70 GHz) 8 GB 1 TB + 8 GB SSHD NVIDIA GeForce GTX 960 Windows 10 Home,$3.99 Shipping
ASUS,ASUS Gaming Desktop G11CD-EB71-GTX960 Intel Core i7 6th Gen 6700 (3.40 GHz) 16 GB DDR4 1 TB HDD NVIDIA GeForce GTX 960 Windows 10 Home 64-Bit,$3.99 Shipping
ASUS,ASUS Gaming Desktop G11CD-CA002T Intel Core i7 6th Gen 6700 (3.40 GHz) 16 GB DDR4 2 TB HDD 256 GB SSD NVIDIA GeForce GTX 980 Windows 10 Home 64-Bit,$3.99 Shipping
ASUS,ASUS Gaming Desktop G20CB-B13 Intel Core i5 6th Gen 6400 (2.70 GHz) 16 GB DDR4 512 GB SSD NVIDIA GeForce GTX 970,$3.99 Shipping
Apple,Apple iMac MC812LLA Intel Core i5-2500S X4 2.7GHz 4GB 1TB 21.5"|Silver(Refurbished),$3.99 Shipping
ASUS,ASUS Desktop Computer GD30CI-DS73-GTX1070 Intel Core i7 7th Gen 7700 (3.60 GHz) 16 GB DDR4 1 TB HDD 256 GB SSD NVIDIA GeForce GTX 1070 Windows 10 Home 64-Bit,$3.99 Shipping
SkyTech,SkyTech Gaming Desktop Omega ST-OMEGA-8700K-1080TI Intel Core i7 8th Gen 8700K (3.70 GHz) 16 GB DDR4 2 TB HDD 250 GB SSD NVIDIA GeForce GTX 1080 Ti Windows 10 Home 64-Bit,$9.99 Shipping
SkyTech,SkyTech Gaming Desktop Oracle ST-ORACLE-1200-16G-1060-6G Ryzen 3 1200 (3.10 GHz) 16 GB DDR4 1 TB HDD 120 GB SSD NVIDIA GeForce GTX 1060 Windows 10 Home 64-Bit,$9.99 Shipping
CybertronPC,CLX SET AMD Ryzen Threadripper 1920X 3.50GHz 14-Core Liquid Cooled 32GB DDR4 240GB SSD 3TB AMD Radeon Vega 64 8GB Windows 10,$9.99 Shipping
CyberpowerPC,CyberpowerPC Desktop Computer Crystal Gaming Series Pro CCS4000 Intel Core i7 X-series 7800X (3.50 GHz) 32 GB DDR4 3 TB HDD 512 GB NVMe SSD NVIDIA GeForce GTX 1080 Windows 10 Home 64-Bit,$4.99 Shipping
CybertronPC,CLX SET AMD Ryzen Threadripper 1950X 3.40 GHz 16-Core Liquid Cooled 32GB DDR4 1TB SSD 4TB NVIDIA GeForce GTX 1080 Ti 11GB Windows 10,$9.99 Shipping
SkyTech,SkyTech Gaming Desktop Omega ST-OMEGA-8700K-1080 Intel Core i7 8th Gen 8700K (3.70 GHz) 16 GB DDR4 2 TB HDD 250 GB SSD NVIDIA GeForce GTX 1080 Windows 10 Home 64-Bit,$9.99 Shipping
ASUS,ROG Huracan G21 Compact Gaming Desktop| Intel® Core™ i7-8700 Processor (Up to 4.6 Ghz)| NVIDIA® GeForce GTX 1080 16GB 2666Mhz RAM 512GB SSD + 1TB HDD| 802.11ac Wi-Fi,Free Shipping
SkyTech,SkyTech Gaming Desktop Omega ST-OMEGA-8700K-1070TI Intel Core i7 8th Gen 8700K (3.70 GHz) 16 GB DDR4 2 TB HDD 250 GB SSD NVIDIA GeForce GTX 1070 Ti Windows 10 Home 64-Bit,$9.99 Shipping
CybertronPC,CLX SET Intel Core i5 8400 2.40 GHz 6-Core 16GB DDR4 120GB SSD 1TB NVIDIA GeForce GTX 1050 Ti 4 GB WiFi Windows 10,$9.99 Shipping
SkyTech,SkyTech Gaming Desktop Omega Mini ST-OMEGA-RYZ1400-1050TI-4G Ryzen 5 1400 (3.20 GHz) 16 GB DDR4 500 GB SSD NVIDIA GeForce GTX 1050 Ti Windows 10 Home 64-Bit,$9.99 Shipping
SkyTech,SkyTech Gaming Desktop Omega Mini ST-OMEGA-RYZ1400-1060-3G Ryzen 5 1400 (3.20 GHz) 16 GB DDR4 500 GB SSD NVIDIA GeForce GTX 1060 Windows 10 Home 64-Bit,$9.99 Shipping
CybertronPC,CLX SET Intel Core i5 8600K 3.60 GHz 6-Core 16GB DDR4 120GB SSD 1TB NVIDIA GeForce GTX 1060 3GB WiFi Windows 10,$9.99 Shipping
SkyTech,SkyTech Gaming Desktop Oracle ST-ORACLE-1200-16G-1050TI Ryzen 3 1200 (3.10 GHz) 16 GB DDR4 1 TB HDD 120 GB SSD NVIDIA GeForce GTX 1050 Ti Windows 10 Home 64-Bit,$9.99 Shipping
DELL,DELL All-in-One Computer Inspiron i7775-A698SLV Ryzen 7 16 GB DDR4 1 TB HDD AMD Radeon RX 560 Windows 10 Home 64-Bit,Free Shipping
Lenovo,Lenovo Legion Y720T-34IKH Desktop Computer Intel Core i7 7700 7th Gen 3.60GHz 16 GB DDR4 SDRAM 1TB HDD 128GB SSD Windows 10 Home 64-bit Tower Black Model 90H5000NUS,Free Shipping
SkyTech,SkyTech Gaming Desktop Omega Mini ST-OMEGA-RYZ1400-1050-2G Ryzen 5 1400 (3.20 GHz) 16 GB DDR4 500 GB SSD NVIDIA GeForce GTX 1050 Windows 10 Home 64-Bit,$9.99 Shipping
ZOTAC,ZOTAC VR GO VR Ready Backpack PC| ZBOX-VR7N70-U-W2B| Intel Skylake Core i7 Quad-core Processor NVIDIA GeForce GTX 1070 8 GB GDDR5 Graphics Whisper Quiet 240 GB SSD 16 GB DDR4 Memory Windows 10 Home,$35.05 Shipping
MSI,Infinite X 8RF 070CA VR Ready,$40.62 Shipping
ASUS,ASUS Zen AiO Pro All-in-One Computer Z240IE-DS71 Intel Core i7 7th Gen 7700T (2.9 GHz) 16 GB DDR4 1 TB HDD 128 GB SSD 23.8" Touchscreen Windows 10 Home 64-Bit,Free Shipping
ASUS,ASUS G11CD Gaming Desktop| Intel Core i5 Processor| GeForce GTX 1060 6 GB GDDR5| 1 TB 7200 RPM HDD| 8 GB DDR4 RAM| Customizable RGB Lighting| Mid Tower| Windows 10 Pre-installed,Free Shipping
MSI,MSI Gaming Desktop Trident 3 VR7RD-202US Intel Core i7 7th Gen 7700 (3.60 GHz) 16 GB DDR4 1 TB HDD 256 GB M.2 SSD NVIDIA GeForce GTX 1070 Windows 10 Home 64-Bit,Free Shipping
MSI,MSI Desktop Computer Infinite VR7RC-070US Intel Core i7 7th Gen 7700 (3.60 GHz) 16 GB DDR4 2 TB HDD 128 GB SSD NVIDIA GeForce GTX 1060 Windows 10 Home 64-Bit,Free Shipping
Acer America,Acer Gaming Desktop Aspire GX-785-UR1D Intel Core i5 7th Gen 7400 (3.00 GHz) 8 GB DDR4 1 TB HDD AMD Radeon RX 580 Windows 10 Home 64-Bit,Free Shipping
ABS,ABS Mag Radeon RX 560 4 GB Ryzen 3 1200 (3.10 GHz) 8 GB DDR4 1 TB HDD Windows 10 Home 64-Bit ALA080,$9.99 Shipping
MSI,MSI Desktop PC Trident 3 VR7RC-020US Intel Core i5 7th Gen 7400 (3.00 GHz) 8 GB DDR4 1 TB HDD NVIDIA GeForce GTX 1060 Windows 10 Home 64-Bit,$1.99 Shipping
ASUS,ASUS Gaming Desktop A80CJ-DS51 Intel Core i5 7th Gen 7300HQ (2.50 GHz) 8 GB DDR4 1 TB HDD NVIDIA GeForce GTX 1060 Windows 10 Home 64-Bit,$3.99 Shipping
ASUS,ASUS Gaming Desktop G20CB-B15 Intel Core i7 6th Gen 6700 (3.40 GHz) 16 GB DDR4 1 TB HDD 256 GB SSD NVIDIA GeForce GTX 980,$3.99 Shipping
ASUS,ASUS Desktop Computer G11CD-US009T Intel Core i5 6th Gen 6400 (2.70 GHz) 8 GB 1 TB + 8 GB SSHD NVIDIA GeForce GTX 960 Windows 10 Home,$3.99 Shipping
ASUS,ASUS Gaming Desktop G11CD-EB71-GTX960 Intel Core i7 6th Gen 6700 (3.40 GHz) 16 GB DDR4 1 TB HDD NVIDIA GeForce GTX 960 Windows 10 Home 64-Bit,$3.99 Shipping
ASUS,ASUS Gaming Desktop G11CD-CA002T Intel Core i7 6th Gen 6700 (3.40 GHz) 16 GB DDR4 2 TB HDD 256 GB SSD NVIDIA GeForce GTX 980 Windows 10 Home 64-Bit,$3.99 Shipping
ASUS,ASUS Gaming Desktop G20CB-B13 Intel Core i5 6th Gen 6400 (2.70 GHz) 16 GB DDR4 512 GB SSD NVIDIA GeForce GTX 970,$3.99 Shipping
Apple,Apple iMac MC812LLA Intel Core i5-2500S X4 2.7GHz 4GB 1TB 21.5"|Silver(Refurbished),$3.99 Shipping
ASUS,ASUS Desktop Computer GD30CI-DS73-GTX1070 Intel Core i7 7th Gen 7700 (3.60 GHz) 16 GB DDR4 1 TB HDD 256 GB SSD NVIDIA GeForce GTX 1070 Windows 10 Home 64-Bit,$3.99 Shipping
SkyTech,SkyTech Gaming Desktop Omega ST-OMEGA-8700K-1080TI Intel Core i7 8th Gen 8700K (3.70 GHz) 16 GB DDR4 2 TB HDD 250 GB SSD NVIDIA GeForce GTX 1080 Ti Windows 10 Home 64-Bit,$9.99 Shipping
SkyTech,SkyTech Gaming Desktop Oracle ST-ORACLE-1200-16G-1060-6G Ryzen 3 1200 (3.10 GHz) 16 GB DDR4 1 TB HDD 120 GB SSD NVIDIA GeForce GTX 1060 Windows 10 Home 64-Bit,$9.99 Shipping
CybertronPC,CLX SET AMD Ryzen Threadripper 1920X 3.50GHz 14-Core Liquid Cooled 32GB DDR4 240GB SSD 3TB AMD Radeon Vega 64 8GB Windows 10,$9.99 Shipping
CyberpowerPC,CyberpowerPC Desktop Computer Crystal Gaming Series Pro CCS4000 Intel Core i7 X-series 7800X (3.50 GHz) 32 GB DDR4 3 TB HDD 512 GB NVMe SSD NVIDIA GeForce GTX 1080 Windows 10 Home 64-Bit,$4.99 Shipping
CybertronPC,CLX SET AMD Ryzen Threadripper 1950X 3.40 GHz 16-Core Liquid Cooled 32GB DDR4 1TB SSD 4TB NVIDIA GeForce GTX 1080 Ti 11GB Windows 10,$9.99 Shipping
SkyTech,SkyTech Gaming Desktop Omega ST-OMEGA-8700K-1080 Intel Core i7 8th Gen 8700K (3.70 GHz) 16 GB DDR4 2 TB HDD 250 GB SSD NVIDIA GeForce GTX 1080 Windows 10 Home 64-Bit,$9.99 Shipping
ASUS,ROG Huracan G21 Compact Gaming Desktop| Intel® Core™ i7-8700 Processor (Up to 4.6 Ghz)| NVIDIA® GeForce GTX 1080 16GB 2666Mhz RAM 512GB SSD + 1TB HDD| 802.11ac Wi-Fi,Free Shipping
SkyTech,SkyTech Gaming Desktop Omega ST-OMEGA-8700K-1070TI Intel Core i7 8th Gen 8700K (3.70 GHz) 16 GB DDR4 2 TB HDD 250 GB SSD NVIDIA GeForce GTX 1070 Ti Windows 10 Home 64-Bit,$9.99 Shipping
CybertronPC,CLX SET Intel Core i5 8400 2.40 GHz 6-Core 16GB DDR4 120GB SSD 1TB NVIDIA GeForce GTX 1050 Ti 4 GB WiFi Windows 10,$9.99 Shipping
SkyTech,SkyTech Gaming Desktop Omega Mini ST-OMEGA-RYZ1400-1050TI-4G Ryzen 5 1400 (3.20 GHz) 16 GB DDR4 500 GB SSD NVIDIA GeForce GTX 1050 Ti Windows 10 Home 64-Bit,$9.99 Shipping
SkyTech,SkyTech Gaming Desktop Omega Mini ST-OMEGA-RYZ1400-1060-3G Ryzen 5 1400 (3.20 GHz) 16 GB DDR4 500 GB SSD NVIDIA GeForce GTX 1060 Windows 10 Home 64-Bit,$9.99 Shipping
CybertronPC,CLX SET Intel Core i5 8600K 3.60 GHz 6-Core 16GB DDR4 120GB SSD 1TB NVIDIA GeForce GTX 1060 3GB WiFi Windows 10,$9.99 Shipping
SkyTech,SkyTech Gaming Desktop Oracle ST-ORACLE-1200-16G-1050TI Ryzen 3 1200 (3.10 GHz) 16 GB DDR4 1 TB HDD 120 GB SSD NVIDIA GeForce GTX 1050 Ti Windows 10 Home 64-Bit,$9.99 Shipping
DELL,DELL All-in-One Computer Inspiron i7775-A698SLV Ryzen 7 16 GB DDR4 1 TB HDD AMD Radeon RX 560 Windows 10 Home 64-Bit,Free Shipping
Lenovo,Lenovo Legion Y720T-34IKH Desktop Computer Intel Core i7 7700 7th Gen 3.60GHz 16 GB DDR4 SDRAM 1TB HDD 128GB SSD Windows 10 Home 64-bit Tower Black Model 90H5000NUS,Free Shipping
SkyTech,SkyTech Gaming Desktop Omega Mini ST-OMEGA-RYZ1400-1050-2G Ryzen 5 1400 (3.20 GHz) 16 GB DDR4 500 GB SSD NVIDIA GeForce GTX 1050 Windows 10 Home 64-Bit,$9.99 Shipping
ZOTAC,ZOTAC VR GO VR Ready Backpack PC| ZBOX-VR7N70-U-W2B| Intel Skylake Core i7 Quad-core Processor NVIDIA GeForce GTX 1070 8 GB GDDR5 Graphics Whisper Quiet 240 GB SSD 16 GB DDR4 Memory Windows 10 Home,$35.05 Shipping
MSI,Infinite X 8RF 070CA VR Ready,$40.62 Shipping
ASUS,ASUS Zen AiO Pro All-in-One Computer Z240IE-DS71 Intel Core i7 7th Gen 7700T (2.9 GHz) 16 GB DDR4 1 TB HDD 128 GB SSD 23.8" Touchscreen Windows 10 Home 64-Bit,Free Shipping
ASUS,ASUS G11CD Gaming Desktop| Intel Core i5 Processor| GeForce GTX 1060 6 GB GDDR5| 1 TB 7200 RPM HDD| 8 GB DDR4 RAM| Customizable RGB Lighting| Mid Tower| Windows 10 Pre-installed,Free Shipping
MSI,MSI Gaming Desktop Trident 3 VR7RD-202US Intel Core i7 7th Gen 7700 (3.60 GHz) 16 GB DDR4 1 TB HDD 256 GB M.2 SSD NVIDIA GeForce GTX 1070 Windows 10 Home 64-Bit,Free Shipping
MSI,MSI Desktop Computer Infinite VR7RC-070US Intel Core i7 7th Gen 7700 (3.60 GHz) 16 GB DDR4 2 TB HDD 128 GB SSD NVIDIA GeForce GTX 1060 Windows 10 Home 64-Bit,Free Shipping
Acer America,Acer Gaming Desktop Aspire GX-785-UR1D Intel Core i5 7th Gen 7400 (3.00 GHz) 8 GB DDR4 1 TB HDD AMD Radeon RX 580 Windows 10 Home 64-Bit,Free Shipping
ABS,ABS Mag Radeon RX 560 4 GB Ryzen 3 1200 (3.10 GHz) 8 GB DDR4 1 TB HDD Windows 10 Home 64-Bit ALA080,$9.99 Shipping
MSI,MSI Desktop PC Trident 3 VR7RC-020US Intel Core i5 7th Gen 7400 (3.00 GHz) 8 GB DDR4 1 TB HDD NVIDIA GeForce GTX 1060 Windows 10 Home 64-Bit,$1.99 Shipping
ASUS,ASUS Gaming Desktop A80CJ-DS51 Intel Core i5 7th Gen 7300HQ (2.50 GHz) 8 GB DDR4 1 TB HDD NVIDIA GeForce GTX 1060 Windows 10 Home 64-Bit,$3.99 Shipping
ASUS,ASUS Gaming Desktop G20CB-B15 Intel Core i7 6th Gen 6700 (3.40 GHz) 16 GB DDR4 1 TB HDD 256 GB SSD NVIDIA GeForce GTX 980,$3.99 Shipping
ASUS,ASUS Desktop Computer G11CD-US009T Intel Core i5 6th Gen 6400 (2.70 GHz) 8 GB 1 TB + 8 GB SSHD NVIDIA GeForce GTX 960 Windows 10 Home,$3.99 Shipping
ASUS,ASUS Gaming Desktop G11CD-EB71-GTX960 Intel Core i7 6th Gen 6700 (3.40 GHz) 16 GB DDR4 1 TB HDD NVIDIA GeForce GTX 960 Windows 10 Home 64-Bit,$3.99 Shipping
ASUS,ASUS Gaming Desktop G11CD-CA002T Intel Core i7 6th Gen 6700 (3.40 GHz) 16 GB DDR4 2 TB HDD 256 GB SSD NVIDIA GeForce GTX 980 Windows 10 Home 64-Bit,$3.99 Shipping
ASUS,ASUS Gaming Desktop G20CB-B13 Intel Core i5 6th Gen 6400 (2.70 GHz) 16 GB DDR4 512 GB SSD NVIDIA GeForce GTX 970,$3.99 Shipping
Apple,Apple iMac MC812LLA Intel Core i5-2500S X4 2.7GHz 4GB 1TB 21.5"|Silver(Refurbished),$3.99 Shipping
ASUS,ASUS Desktop Computer GD30CI-DS73-GTX1070 Intel Core i7 7th Gen 7700 (3.60 GHz) 16 GB DDR4 1 TB HDD 256 GB SSD NVIDIA GeForce GTX 1070 Windows 10 Home 64-Bit,$3.99 Shipping
SkyTech,SkyTech Gaming Desktop Omega ST-OMEGA-8700K-1080TI Intel Core i7 8th Gen 8700K (3.70 GHz) 16 GB DDR4 2 TB HDD 250 GB SSD NVIDIA GeForce GTX 1080 Ti Windows 10 Home 64-Bit,$9.99 Shipping
SkyTech,SkyTech Gaming Desktop Oracle ST-ORACLE-1200-16G-1060-6G Ryzen 3 1200 (3.10 GHz) 16 GB DDR4 1 TB HDD 120 GB SSD NVIDIA GeForce GTX 1060 Windows 10 Home 64-Bit,$9.99 Shipping
CybertronPC,CLX SET AMD Ryzen Threadripper 1920X 3.50GHz 14-Core Liquid Cooled 32GB DDR4 240GB SSD 3TB AMD Radeon Vega 64 8GB Windows 10,$9.99 Shipping
CyberpowerPC,CyberpowerPC Desktop Computer Crystal Gaming Series Pro CCS4000 Intel Core i7 X-series 7800X (3.50 GHz) 32 GB DDR4 3 TB HDD 512 GB NVMe SSD NVIDIA GeForce GTX 1080 Windows 10 Home 64-Bit,$4.99 Shipping
CybertronPC,CLX SET AMD Ryzen Threadripper 1950X 3.40 GHz 16-Core Liquid Cooled 32GB DDR4 1TB SSD 4TB NVIDIA GeForce GTX 1080 Ti 11GB Windows 10,$9.99 Shipping
SkyTech,SkyTech Gaming Desktop Omega ST-OMEGA-8700K-1080 Intel Core i7 8th Gen 8700K (3.70 GHz) 16 GB DDR4 2 TB HDD 250 GB SSD NVIDIA GeForce GTX 1080 Windows 10 Home 64-Bit,$9.99 Shipping
ASUS,ROG Huracan G21 Compact Gaming Desktop| Intel® Core™ i7-8700 Processor (Up to 4.6 Ghz)| NVIDIA® GeForce GTX 1080 16GB 2666Mhz RAM 512GB SSD + 1TB HDD| 802.11ac Wi-Fi,Free Shipping
SkyTech,SkyTech Gaming Desktop Omega ST-OMEGA-8700K-1070TI Intel Core i7 8th Gen 8700K (3.70 GHz) 16 GB DDR4 2 TB HDD 250 GB SSD NVIDIA GeForce GTX 1070 Ti Windows 10 Home 64-Bit,$9.99 Shipping
CybertronPC,CLX SET Intel Core i5 8400 2.40 GHz 6-Core 16GB DDR4 120GB SSD 1TB NVIDIA GeForce GTX 1050 Ti 4 GB WiFi Windows 10,$9.99 Shipping
SkyTech,SkyTech Gaming Desktop Omega Mini ST-OMEGA-RYZ1400-1050TI-4G Ryzen 5 1400 (3.20 GHz) 16 GB DDR4 500 GB SSD NVIDIA GeForce GTX 1050 Ti Windows 10 Home 64-Bit,$9.99 Shipping
SkyTech,SkyTech Gaming Desktop Omega Mini ST-OMEGA-RYZ1400-1060-3G Ryzen 5 1400 (3.20 GHz) 16 GB DDR4 500 GB SSD NVIDIA GeForce GTX 1060 Windows 10 Home 64-Bit,$9.99 Shipping
CybertronPC,CLX SET Intel Core i5 8600K 3.60 GHz 6-Core 16GB DDR4 120GB SSD 1TB NVIDIA GeForce GTX 1060 3GB WiFi Windows 10,$9.99 Shipping
SkyTech,SkyTech Gaming Desktop Oracle ST-ORACLE-1200-16G-1050TI Ryzen 3 1200 (3.10 GHz) 16 GB DDR4 1 TB HDD 120 GB SSD NVIDIA GeForce GTX 1050 Ti Windows 10 Home 64-Bit,$9.99 Shipping
DELL,DELL All-in-One Computer Inspiron i7775-A698SLV Ryzen 7 16 GB DDR4 1 TB HDD AMD Radeon RX 560 Windows 10 Home 64-Bit,Free Shipping
Lenovo,Lenovo Legion Y720T-34IKH Desktop Computer Intel Core i7 7700 7th Gen 3.60GHz 16 GB DDR4 SDRAM 1TB HDD 128GB SSD Windows 10 Home 64-bit Tower Black Model 90H5000NUS,Free Shipping
SkyTech,SkyTech Gaming Desktop Omega Mini ST-OMEGA-RYZ1400-1050-2G Ryzen 5 1400 (3.20 GHz) 16 GB DDR4 500 GB SSD NVIDIA GeForce GTX 1050 Windows 10 Home 64-Bit,$9.99 Shipping
ZOTAC,ZOTAC VR GO VR Ready Backpack PC| ZBOX-VR7N70-U-W2B| Intel Skylake Core i7 Quad-core Processor NVIDIA GeForce GTX 1070 8 GB GDDR5 Graphics Whisper Quiet 240 GB SSD 16 GB DDR4 Memory Windows 10 Home,$35.05 Shipping
MSI,Infinite X 8RF 070CA VR Ready,$40.62 Shipping
ASUS,ASUS Zen AiO Pro All-in-One Computer Z240IE-DS71 Intel Core i7 7th Gen 7700T (2.9 GHz) 16 GB DDR4 1 TB HDD 128 GB SSD 23.8" Touchscreen Windows 10 Home 64-Bit,Free Shipping
ASUS,ASUS G11CD Gaming Desktop| Intel Core i5 Processor| GeForce GTX 1060 6 GB GDDR5| 1 TB 7200 RPM HDD| 8 GB DDR4 RAM| Customizable RGB Lighting| Mid Tower| Windows 10 Pre-installed,Free Shipping
MSI,MSI Gaming Desktop Trident 3 VR7RD-202US Intel Core i7 7th Gen 7700 (3.60 GHz) 16 GB DDR4 1 TB HDD 256 GB M.2 SSD NVIDIA GeForce GTX 1070 Windows 10 Home 64-Bit,Free Shipping
MSI,MSI Desktop Computer Infinite VR7RC-070US Intel Core i7 7th Gen 7700 (3.60 GHz) 16 GB DDR4 2 TB HDD 128 GB SSD NVIDIA GeForce GTX 1060 Windows 10 Home 64-Bit,Free Shipping
Acer America,Acer Gaming Desktop Aspire GX-785-UR1D Intel Core i5 7th Gen 7400 (3.00 GHz) 8 GB DDR4 1 TB HDD AMD Radeon RX 580 Windows 10 Home 64-Bit,Free Shipping
ABS,ABS Mag Radeon RX 560 4 GB Ryzen 3 1200 (3.10 GHz) 8 GB DDR4 1 TB HDD Windows 10 Home 64-Bit ALA080,$9.99 Shipping
MSI,MSI Desktop PC Trident 3 VR7RC-020US Intel Core i5 7th Gen 7400 (3.00 GHz) 8 GB DDR4 1 TB HDD NVIDIA GeForce GTX 1060 Windows 10 Home 64-Bit,$1.99 Shipping
ASUS,ASUS Gaming Desktop A80CJ-DS51 Intel Core i5 7th Gen 7300HQ (2.50 GHz) 8 GB DDR4 1 TB HDD NVIDIA GeForce GTX 1060 Windows 10 Home 64-Bit,$3.99 Shipping
ASUS,ASUS Gaming Desktop G20CB-B15 Intel Core i7 6th Gen 6700 (3.40 GHz) 16 GB DDR4 1 TB HDD 256 GB SSD NVIDIA GeForce GTX 980,$3.99 Shipping
ASUS,ASUS Desktop Computer G11CD-US009T Intel Core i5 6th Gen 6400 (2.70 GHz) 8 GB 1 TB + 8 GB SSHD NVIDIA GeForce GTX 960 Windows 10 Home,$3.99 Shipping
ASUS,ASUS Gaming Desktop G11CD-EB71-GTX960 Intel Core i7 6th Gen 6700 (3.40 GHz) 16 GB DDR4 1 TB HDD NVIDIA GeForce GTX 960 Windows 10 Home 64-Bit,$3.99 Shipping
ASUS,ASUS Gaming Desktop G11CD-CA002T Intel Core i7 6th Gen 6700 (3.40 GHz) 16 GB DDR4 2 TB HDD 256 GB SSD NVIDIA GeForce GTX 980 Windows 10 Home 64-Bit,$3.99 Shipping
ASUS,ASUS Gaming Desktop G20CB-B13 Intel Core i5 6th Gen 6400 (2.70 GHz) 16 GB DDR4 512 GB SSD NVIDIA GeForce GTX 970,$3.99 Shipping
Apple,Apple iMac MC812LLA Intel Core i5-2500S X4 2.7GHz 4GB 1TB 21.5"|Silver(Refurbished),$3.99 Shipping
ASUS,ASUS Desktop Computer GD30CI-DS73-GTX1070 Intel Core i7 7th Gen 7700 (3.60 GHz) 16 GB DDR4 1 TB HDD 256 GB SSD NVIDIA GeForce GTX 1070 Windows 10 Home 64-Bit,$3.99 Shipping
SkyTech,SkyTech Gaming Desktop Omega ST-OMEGA-8700K-1080TI Intel Core i7 8th Gen 8700K (3.70 GHz) 16 GB DDR4 2 TB HDD 250 GB SSD NVIDIA GeForce GTX 1080 Ti Windows 10 Home 64-Bit,$9.99 Shipping
SkyTech,SkyTech Gaming Desktop Oracle ST-ORACLE-1200-16G-1060-6G Ryzen 3 1200 (3.10 GHz) 16 GB DDR4 1 TB HDD 120 GB SSD NVIDIA GeForce GTX 1060 Windows 10 Home 64-Bit,$9.99 Shipping
CybertronPC,CLX SET AMD Ryzen Threadripper 1920X 3.50GHz 14-Core Liquid Cooled 32GB DDR4 240GB SSD 3TB AMD Radeon Vega 64 8GB Windows 10,$9.99 Shipping
CyberpowerPC,CyberpowerPC Desktop Computer Crystal Gaming Series Pro CCS4000 Intel Core i7 X-series 7800X (3.50 GHz) 32 GB DDR4 3 TB HDD 512 GB NVMe SSD NVIDIA GeForce GTX 1080 Windows 10 Home 64-Bit,$4.99 Shipping
CybertronPC,CLX SET AMD Ryzen Threadripper 1950X 3.40 GHz 16-Core Liquid Cooled 32GB DDR4 1TB SSD 4TB NVIDIA GeForce GTX 1080 Ti 11GB Windows 10,$9.99 Shipping
SkyTech,SkyTech Gaming Desktop Omega ST-OMEGA-8700K-1080 Intel Core i7 8th Gen 8700K (3.70 GHz) 16 GB DDR4 2 TB HDD 250 GB SSD NVIDIA GeForce GTX 1080 Windows 10 Home 64-Bit,$9.99 Shipping
ASUS,ROG Huracan G21 Compact Gaming Desktop| Intel® Core™ i7-8700 Processor (Up to 4.6 Ghz)| NVIDIA® GeForce GTX 1080 16GB 2666Mhz RAM 512GB SSD + 1TB HDD| 802.11ac Wi-Fi,Free Shipping
SkyTech,SkyTech Gaming Desktop Omega ST-OMEGA-8700K-1070TI Intel Core i7 8th Gen 8700K (3.70 GHz) 16 GB DDR4 2 TB HDD 250 GB SSD NVIDIA GeForce GTX 1070 Ti Windows 10 Home 64-Bit,$9.99 Shipping
CybertronPC,CLX SET Intel Core i5 8400 2.40 GHz 6-Core 16GB DDR4 120GB SSD 1TB NVIDIA GeForce GTX 1050 Ti 4 GB WiFi Windows 10,$9.99 Shipping
SkyTech,SkyTech Gaming Desktop Omega Mini ST-OMEGA-RYZ1400-1050TI-4G Ryzen 5 1400 (3.20 GHz) 16 GB DDR4 500 GB SSD NVIDIA GeForce GTX 1050 Ti Windows 10 Home 64-Bit,$9.99 Shipping
SkyTech,SkyTech Gaming Desktop Omega Mini ST-OMEGA-RYZ1400-1060-3G Ryzen 5 1400 (3.20 GHz) 16 GB DDR4 500 GB SSD NVIDIA GeForce GTX 1060 Windows 10 Home 64-Bit,$9.99 Shipping
CybertronPC,CLX SET Intel Core i5 8600K 3.60 GHz 6-Core 16GB DDR4 120GB SSD 1TB NVIDIA GeForce GTX 1060 3GB WiFi Windows 10,$9.99 Shipping
SkyTech,SkyTech Gaming Desktop Oracle ST-ORACLE-1200-16G-1050TI Ryzen 3 1200 (3.10 GHz) 16 GB DDR4 1 TB HDD 120 GB SSD NVIDIA GeForce GTX 1050 Ti Windows 10 Home 64-Bit,$9.99 Shipping
DELL,DELL All-in-One Computer Inspiron i7775-A698SLV Ryzen 7 16 GB DDR4 1 TB HDD AMD Radeon RX 560 Windows 10 Home 64-Bit,Free Shipping
Lenovo,Lenovo Legion Y720T-34IKH Desktop Computer Intel Core i7 7700 7th Gen 3.60GHz 16 GB DDR4 SDRAM 1TB HDD 128GB SSD Windows 10 Home 64-bit Tower Black Model 90H5000NUS,Free Shipping
SkyTech,SkyTech Gaming Desktop Omega Mini ST-OMEGA-RYZ1400-1050-2G Ryzen 5 1400 (3.20 GHz) 16 GB DDR4 500 GB SSD NVIDIA GeForce GTX 1050 Windows 10 Home 64-Bit,$9.99 Shipping
ZOTAC,ZOTAC VR GO VR Ready Backpack PC| ZBOX-VR7N70-U-W2B| Intel Skylake Core i7 Quad-core Processor NVIDIA GeForce GTX 1070 8 GB GDDR5 Graphics Whisper Quiet 240 GB SSD 16 GB DDR4 Memory Windows 10 Home,$35.05 Shipping
MSI,Infinite X 8RF 070CA VR Ready,$40.62 Shipping
ASUS,ASUS Zen AiO Pro All-in-One Computer Z240IE-DS71 Intel Core i7 7th Gen 7700T (2.9 GHz) 16 GB DDR4 1 TB HDD 128 GB SSD 23.8" Touchscreen Windows 10 Home 64-Bit,Free Shipping
ASUS,ASUS G11CD Gaming Desktop| Intel Core i5 Processor| GeForce GTX 1060 6 GB GDDR5| 1 TB 7200 RPM HDD| 8 GB DDR4 RAM| Customizable RGB Lighting| Mid Tower| Windows 10 Pre-installed,Free Shipping
MSI,MSI Gaming Desktop Trident 3 VR7RD-202US Intel Core i7 7th Gen 7700 (3.60 GHz) 16 GB DDR4 1 TB HDD 256 GB M.2 SSD NVIDIA GeForce GTX 1070 Windows 10 Home 64-Bit,Free Shipping
MSI,MSI Desktop Computer Infinite VR7RC-070US Intel Core i7 7th Gen 7700 (3.60 GHz) 16 GB DDR4 2 TB HDD 128 GB SSD NVIDIA GeForce GTX 1060 Windows 10 Home 64-Bit,Free Shipping
Acer America,Acer Gaming Desktop Aspire GX-785-UR1D Intel Core i5 7th Gen 7400 (3.00 GHz) 8 GB DDR4 1 TB HDD AMD Radeon RX 580 Windows 10 Home 64-Bit,Free Shipping
ABS,ABS Mag Radeon RX 560 4 GB Ryzen 3 1200 (3.10 GHz) 8 GB DDR4 1 TB HDD Windows 10 Home 64-Bit ALA080,$9.99 Shipping
MSI,MSI Desktop PC Trident 3 VR7RC-020US Intel Core i5 7th Gen 7400 (3.00 GHz) 8 GB DDR4 1 TB HDD NVIDIA GeForce GTX 1060 Windows 10 Home 64-Bit,$1.99 Shipping
ASUS,ASUS Gaming Desktop A80CJ-DS51 Intel Core i5 7th Gen 7300HQ (2.50 GHz) 8 GB DDR4 1 TB HDD NVIDIA GeForce GTX 1060 Windows 10 Home 64-Bit,$3.99 Shipping
ASUS,ASUS Gaming Desktop G20CB-B15 Intel Core i7 6th Gen 6700 (3.40 GHz) 16 GB DDR4 1 TB HDD 256 GB SSD NVIDIA GeForce GTX 980,$3.99 Shipping
ASUS,ASUS Desktop Computer G11CD-US009T Intel Core i5 6th Gen 6400 (2.70 GHz) 8 GB 1 TB + 8 GB SSHD NVIDIA GeForce GTX 960 Windows 10 Home,$3.99 Shipping
ASUS,ASUS Gaming Desktop G11CD-EB71-GTX960 Intel Core i7 6th Gen 6700 (3.40 GHz) 16 GB DDR4 1 TB HDD NVIDIA GeForce GTX 960 Windows 10 Home 64-Bit,$3.99 Shipping
ASUS,ASUS Gaming Desktop G11CD-CA002T Intel Core i7 6th Gen 6700 (3.40 GHz) 16 GB DDR4 2 TB HDD 256 GB SSD NVIDIA GeForce GTX 980 Windows 10 Home 64-Bit,$3.99 Shipping
ASUS,ASUS Gaming Desktop G20CB-B13 Intel Core i5 6th Gen 6400 (2.70 GHz) 16 GB DDR4 512 GB SSD NVIDIA GeForce GTX 970,$3.99 Shipping
Apple,Apple iMac MC812LLA Intel Core i5-2500S X4 2.7GHz 4GB 1TB 21.5"|Silver(Refurbished),$3.99 Shipping
ASUS,ASUS Desktop Computer GD30CI-DS73-GTX1070 Intel Core i7 7th Gen 7700 (3.60 GHz) 16 GB DDR4 1 TB HDD 256 GB SSD NVIDIA GeForce GTX 1070 Windows 10 Home 64-Bit,$3.99 Shipping
SkyTech,SkyTech Gaming Desktop Omega ST-OMEGA-8700K-1080TI Intel Core i7 8th Gen 8700K (3.70 GHz) 16 GB DDR4 2 TB HDD 250 GB SSD NVIDIA GeForce GTX 1080 Ti Windows 10 Home 64-Bit,$9.99 Shipping
SkyTech,SkyTech Gaming Desktop Oracle ST-ORACLE-1200-16G-1060-6G Ryzen 3 1200 (3.10 GHz) 16 GB DDR4 1 TB HDD 120 GB SSD NVIDIA GeForce GTX 1060 Windows 10 Home 64-Bit,$9.99 Shipping
CybertronPC,CLX SET AMD Ryzen Threadripper 1920X 3.50GHz 14-Core Liquid Cooled 32GB DDR4 240GB SSD 3TB AMD Radeon Vega 64 8GB Windows 10,$9.99 Shipping
CyberpowerPC,CyberpowerPC Desktop Computer Crystal Gaming Series Pro CCS4000 Intel Core i7 X-series 7800X (3.50 GHz) 32 GB DDR4 3 TB HDD 512 GB NVMe SSD NVIDIA GeForce GTX 1080 Windows 10 Home 64-Bit,$4.99 Shipping
CybertronPC,CLX SET AMD Ryzen Threadripper 1950X 3.40 GHz 16-Core Liquid Cooled 32GB DDR4 1TB SSD 4TB NVIDIA GeForce GTX 1080 Ti 11GB Windows 10,$9.99 Shipping
SkyTech,SkyTech Gaming Desktop Omega ST-OMEGA-8700K-1080 Intel Core i7 8th Gen 8700K (3.70 GHz) 16 GB DDR4 2 TB HDD 250 GB SSD NVIDIA GeForce GTX 1080 Windows 10 Home 64-Bit,$9.99 Shipping
ASUS,ROG Huracan G21 Compact Gaming Desktop| Intel® Core™ i7-8700 Processor (Up to 4.6 Ghz)| NVIDIA® GeForce GTX 1080 16GB 2666Mhz RAM 512GB SSD + 1TB HDD| 802.11ac Wi-Fi,Free Shipping
SkyTech,SkyTech Gaming Desktop Omega ST-OMEGA-8700K-1070TI Intel Core i7 8th Gen 8700K (3.70 GHz) 16 GB DDR4 2 TB HDD 250 GB SSD NVIDIA GeForce GTX 1070 Ti Windows 10 Home 64-Bit,$9.99 Shipping
CybertronPC,CLX SET Intel Core i5 8400 2.40 GHz 6-Core 16GB DDR4 120GB SSD 1TB NVIDIA GeForce GTX 1050 Ti 4 GB WiFi Windows 10,$9.99 Shipping
SkyTech,SkyTech Gaming Desktop Omega Mini ST-OMEGA-RYZ1400-1050TI-4G Ryzen 5 1400 (3.20 GHz) 16 GB DDR4 500 GB SSD NVIDIA GeForce GTX 1050 Ti Windows 10 Home 64-Bit,$9.99 Shipping
SkyTech,SkyTech Gaming Desktop Omega Mini ST-OMEGA-RYZ1400-1060-3G Ryzen 5 1400 (3.20 GHz) 16 GB DDR4 500 GB SSD NVIDIA GeForce GTX 1060 Windows 10 Home 64-Bit,$9.99 Shipping
CybertronPC,CLX SET Intel Core i5 8600K 3.60 GHz 6-Core 16GB DDR4 120GB SSD 1TB NVIDIA GeForce GTX 1060 3GB WiFi Windows 10,$9.99 Shipping
SkyTech,SkyTech Gaming Desktop Oracle ST-ORACLE-1200-16G-1050TI Ryzen 3 1200 (3.10 GHz) 16 GB DDR4 1 TB HDD 120 GB SSD NVIDIA GeForce GTX 1050 Ti Windows 10 Home 64-Bit,$9.99 Shipping
DELL,DELL All-in-One Computer Inspiron i7775-A698SLV Ryzen 7 16 GB DDR4 1 TB HDD AMD Radeon RX 560 Windows 10 Home 64-Bit,Free Shipping
Lenovo,Lenovo Legion Y720T-34IKH Desktop Computer Intel Core i7 7700 7th Gen 3.60GHz 16 GB DDR4 SDRAM 1TB HDD 128GB SSD Windows 10 Home 64-bit Tower Black Model 90H5000NUS,Free Shipping
SkyTech,SkyTech Gaming Desktop Omega Mini ST-OMEGA-RYZ1400-1050-2G Ryzen 5 1400 (3.20 GHz) 16 GB DDR4 500 GB SSD NVIDIA GeForce GTX 1050 Windows 10 Home 64-Bit,$9.99 Shipping
ZOTAC,ZOTAC VR GO VR Ready Backpack PC| ZBOX-VR7N70-U-W2B| Intel Skylake Core i7 Quad-core Processor NVIDIA GeForce GTX 1070 8 GB GDDR5 Graphics Whisper Quiet 240 GB SSD 16 GB DDR4 Memory Windows 10 Home,$35.05 Shipping
MSI,Infinite X 8RF 070CA VR Ready,$40.62 Shipping
ASUS,ASUS Zen AiO Pro All-in-One Computer Z240IE-DS71 Intel Core i7 7th Gen 7700T (2.9 GHz) 16 GB DDR4 1 TB HDD 128 GB SSD 23.8" Touchscreen Windows 10 Home 64-Bit,Free Shipping
ASUS,ASUS G11CD Gaming Desktop| Intel Core i5 Processor| GeForce GTX 1060 6 GB GDDR5| 1 TB 7200 RPM HDD| 8 GB DDR4 RAM| Customizable RGB Lighting| Mid Tower| Windows 10 Pre-installed,Free Shipping
MSI,MSI Gaming Desktop Trident 3 VR7RD-202US Intel Core i7 7th Gen 7700 (3.60 GHz) 16 GB DDR4 1 TB HDD 256 GB M.2 SSD NVIDIA GeForce GTX 1070 Windows 10 Home 64-Bit,Free Shipping
MSI,MSI Desktop Computer Infinite VR7RC-070US Intel Core i7 7th Gen 7700 (3.60 GHz) 16 GB DDR4 2 TB HDD 128 GB SSD NVIDIA GeForce GTX 1060 Windows 10 Home 64-Bit,Free Shipping
Acer America,Acer Gaming Desktop Aspire GX-785-UR1D Intel Core i5 7th Gen 7400 (3.00 GHz) 8 GB DDR4 1 TB HDD AMD Radeon RX 580 Windows 10 Home 64-Bit,Free Shipping
ABS,ABS Mag Radeon RX 560 4 GB Ryzen 3 1200 (3.10 GHz) 8 GB DDR4 1 TB HDD Windows 10 Home 64-Bit ALA080,$9.99 Shipping
MSI,MSI Desktop PC Trident 3 VR7RC-020US Intel Core i5 7th Gen 7400 (3.00 GHz) 8 GB DDR4 1 TB HDD NVIDIA GeForce GTX 1060 Windows 10 Home 64-Bit,$1.99 Shipping
ASUS,ASUS Gaming Desktop A80CJ-DS51 Intel Core i5 7th Gen 7300HQ (2.50 GHz) 8 GB DDR4 1 TB HDD NVIDIA GeForce GTX 1060 Windows 10 Home 64-Bit,$3.99 Shipping
ASUS,ASUS Gaming Desktop G20CB-B15 Intel Core i7 6th Gen 6700 (3.40 GHz) 16 GB DDR4 1 TB HDD 256 GB SSD NVIDIA GeForce GTX 980,$3.99 Shipping
ASUS,ASUS Desktop Computer G11CD-US009T Intel Core i5 6th Gen 6400 (2.70 GHz) 8 GB 1 TB + 8 GB SSHD NVIDIA GeForce GTX 960 Windows 10 Home,$3.99 Shipping
ASUS,ASUS Gaming Desktop G11CD-EB71-GTX960 Intel Core i7 6th Gen 6700 (3.40 GHz) 16 GB DDR4 1 TB HDD NVIDIA GeForce GTX 960 Windows 10 Home 64-Bit,$3.99 Shipping
ASUS,ASUS Gaming Desktop G11CD-CA002T Intel Core i7 6th Gen 6700 (3.40 GHz) 16 GB DDR4 2 TB HDD 256 GB SSD NVIDIA GeForce GTX 980 Windows 10 Home 64-Bit,$3.99 Shipping
ASUS,ASUS Gaming Desktop G20CB-B13 Intel Core i5 6th Gen 6400 (2.70 GHz) 16 GB DDR4 512 GB SSD NVIDIA GeForce GTX 970,$3.99 Shipping
Apple,Apple iMac MC812LLA Intel Core i5-2500S X4 2.7GHz 4GB 1TB 21.5"|Silver(Refurbished),$3.99 Shipping
ASUS,ASUS Desktop Computer GD30CI-DS73-GTX1070 Intel Core i7 7th Gen 7700 (3.60 GHz) 16 GB DDR4 1 TB HDD 256 GB SSD NVIDIA GeForce GTX 1070 Windows 10 Home 64-Bit,$3.99 Shipping
